;;380.6771 s;;;142.4633 s;;;138.5619 s;;;109.1982 s;;;394.8132 s;;;93.6671 s;133.4111 s;105.2371 s;177.1936 s;390.8702 s;89.6806 s;;;
Brute X;Brute Y;time;Rand X;Rand Y;time;R_Breadth X;R_Breadth Y;time;D_Breadth X;D_Breadth Y;time;Ro_Breadth X;Ro_Breadth Y;time;Br_Breadth X;Br_Breadth Y;time;RoD_Breadth X;RoD_Breadth Y;time;rand time;double time;round time;breadth;ro_do
292;400;0.7360 s;292;400;0.0260 s;292;400;0.0140 s;292;400;0.0100 s;292;400;0.0101 s;292;400;0.0100 s;292;400;0.0100 s;0.0060 s;0.1964 s;0.0440 s;0.0670 s;0.0220 s
363;301;0.5506 s;363;301;0.0189 s;363;301;0.0140 s;363;301;0.0120 s;363;301;0.0110 s;363;301;0.0100 s;363;301;0.0110 s;0.0010 s;0.1469 s;0.0310 s;0.0370 s;0.0160 s
320;443;0.8172 s;320;443;0.0120 s;320;443;0.0140 s;320;443;0.0110 s;320;443;0.0110 s;320;443;0.0100 s;320;443;0.0100 s;0.0010 s;0.2248 s;0.0239 s;0.1002 s;0.0130 s
370;372;0.6838 s;370;372;0.0290 s;370;372;0.0180 s;370;372;0.0140 s;370;372;0.0140 s;370;372;0.0128 s;370;372;0.0130 s;0.0012 s;0.1860 s;0.0000 s;0.0000 s;0.0000 s
398;363;0.6761 s;398;363;0.0215 s;397;363;0.0182 s;398;363;0.0130 s;398;363;0.0120 s;398;363;0.0130 s;398;363;0.0130 s;0.0010 s;0.1940 s;0.0000 s;0.0000 s;0.0000 s
160;310;0.5678 s;160;310;0.0200 s;160;310;0.0070 s;160;310;0.0050 s;160;310;0.0050 s;160;310;0.0080 s;160;310;0.0050 s;0.0040 s;0.1555 s;0.4729 s;0.9252 s;0.2510 s
407;435;0.9565 s;407;435;0.0240 s;407;435;0.0190 s;407;435;0.0140 s;407;435;0.0145 s;407;435;0.0140 s;407;435;0.0130 s;0.0010 s;0.2845 s;0.0150 s;0.0520 s;0.0070 s
436;420;0.8165 s;436;420;0.0190 s;436;420;0.0150 s;436;420;0.0110 s;436;420;0.0110 s;436;420;0.0100 s;436;420;0.0110 s;0.0120 s;0.2157 s;0.0160 s;0.0590 s;0.0090 s
0;0;1.3951 s;0;0;0.0000 s;0;0;0.0000 s;0;0;0.0000 s;0;0;0.0000 s;0;0;0.0000 s;0;0;0.0000 s;2.6667 s;0.4073 s;1.7850 s;4.1576 s;0.8345 s
0;0;1.4629 s;0;0;0.0000 s;0;0;0.0000 s;0;0;0.0000 s;0;0;0.0000 s;0;0;0.0000 s;0;0;0.0000 s;2.6514 s;0.4100 s;1.6364 s;3.7278 s;0.8285 s
240;483;0.8829 s;240;483;0.0250 s;240;483;0.0090 s;240;483;0.0070 s;240;483;0.0071 s;240;483;0.0090 s;240;483;0.0080 s;0.0030 s;0.2490 s;0.1610 s;0.6161 s;0.0870 s
618;396;0.7633 s;618;396;0.0150 s;618;396;0.0070 s;618;396;0.0050 s;618;396;0.0040 s;618;396;0.0050 s;618;396;0.0050 s;0.0050 s;0.2060 s;0.6073 s;0.7173 s;0.3067 s
0;0;1.3988 s;0;0;0.0000 s;0;0;0.0000 s;0;0;0.0000 s;0;0;0.0000 s;0;0;0.0000 s;0;0;0.0000 s;2.5812 s;0.4103 s;1.6349 s;3.7132 s;0.8550 s
0;0;1.4468 s;0;0;0.0000 s;0;0;0.0000 s;0;0;0.0000 s;0;0;0.0000 s;0;0;0.0000 s;0;0;0.0000 s;2.5607 s;0.4108 s;1.6836 s;3.7938 s;0.8265 s
332;404;0.7469 s;332;404;0.0140 s;332;404;0.0150 s;332;405;0.0130 s;332;404;0.0120 s;332;405;0.0120 s;332;404;0.0110 s;0.0040 s;0.2046 s;0.0050 s;0.0170 s;0.0030 s
366;352;0.6695 s;366;352;0.0290 s;366;352;0.0180 s;366;352;0.0130 s;366;352;0.0130 s;366;352;0.0120 s;366;352;0.0140 s;0.0160 s;0.1765 s;0.0000 s;0.0000 s;0.0000 s
391;547;1.0156 s;391;547;0.0160 s;391;547;0.0100 s;391;547;0.0070 s;391;547;0.0070 s;391;547;0.0080 s;391;547;0.0080 s;0.0050 s;0.2890 s;0.2710 s;0.3091 s;0.1379 s
21;439;0.7874 s;21;439;0.0110 s;21;439;0.0020 s;21;439;0.0010 s;21;439;0.0020 s;21;439;0.0010 s;21;439;0.0020 s;0.0450 s;0.2290 s;1.4503 s;2.0868 s;0.6971 s
404;362;0.6760 s;404;362;0.0180 s;404;362;0.0170 s;404;362;0.0130 s;404;362;0.0130 s;404;362;0.0130 s;404;362;0.0140 s;0.0040 s;0.1940 s;0.0000 s;0.0010 s;0.0000 s
500;703;1.3423 s;500;703;0.0280 s;500;703;0.0030 s;500;703;0.0010 s;500;703;0.0010 s;500;703;0.0010 s;500;703;0.0020 s;0.0420 s;0.3790 s;1.1768 s;2.4040 s;0.5940 s
387;331;0.6139 s;387;331;0.0225 s;387;331;0.0160 s;387;331;0.0120 s;387;331;0.0120 s;387;331;0.0120 s;387;331;0.0120 s;0.0080 s;0.1635 s;0.0050 s;0.0060 s;0.0020 s
375;371;0.6795 s;375;371;0.0280 s;375;371;0.0170 s;375;371;0.0140 s;375;371;0.0130 s;375;371;0.0140 s;375;371;0.0130 s;0.0010 s;0.1840 s;0.0000 s;0.0000 s;0.0000 s
420;283;0.5223 s;420;283;0.0290 s;420;283;0.0120 s;420;283;0.0100 s;420;283;0.0090 s;420;283;0.0100 s;420;283;0.0100 s;0.0010 s;0.1390 s;0.0600 s;0.1360 s;0.0300 s
359;373;0.6878 s;359;373;0.0150 s;359;373;0.0180 s;359;373;0.0130 s;359;373;0.0125 s;359;373;0.0141 s;359;373;0.0121 s;0.0060 s;0.1903 s;0.0000 s;0.0000 s;0.0000 s
375;395;0.7481 s;375;395;0.0240 s;375;395;0.0163 s;375;395;0.0140 s;375;395;0.0125 s;375;395;0.0130 s;375;395;0.0140 s;0.0070 s;0.1985 s;0.0000 s;0.0000 s;0.0000 s
180;721;1.3160 s;180;721;0.0185 s;180;721;0.0010 s;181;721;0.0010 s;181;721;0.0000 s;180;721;0.0010 s;181;721;0.0000 s;0.1119 s;0.3835 s;1.3009 s;3.1032 s;0.6662 s
0;0;1.3845 s;0;0;0.0000 s;0;0;0.0000 s;0;0;0.0000 s;0;0;0.0000 s;0;0;0.0000 s;0;0;0.0000 s;2.5748 s;0.4086 s;1.6169 s;3.6786 s;0.8195 s
344;442;0.8149 s;344;442;0.0140 s;344;442;0.0140 s;344;442;0.0110 s;344;442;0.0120 s;344;442;0.0118 s;344;442;0.0110 s;0.0130 s;0.2280 s;0.0200 s;0.0514 s;0.0100 s
587;477;0.9163 s;587;477;0.0170 s;587;477;0.0070 s;587;477;0.0050 s;587;477;0.0050 s;587;477;0.0060 s;587;477;0.0050 s;0.0020 s;0.2460 s;0.4391 s;1.0682 s;0.2220 s
485;356;0.6699 s;485;356;0.0130 s;485;356;0.0130 s;485;356;0.0090 s;485;356;0.0100 s;485;356;0.0090 s;485;356;0.0100 s;0.0020 s;0.2087 s;0.0905 s;0.1200 s;0.0470 s
371;372;0.6901 s;371;372;0.0170 s;371;372;0.0180 s;371;372;0.0140 s;371;372;0.0140 s;371;372;0.0130 s;371;372;0.0140 s;0.0030 s;0.1880 s;0.0000 s;0.0000 s;0.0000 s
400;466;0.8802 s;400;466;0.0260 s;400;466;0.0160 s;400;466;0.0103 s;400;466;0.0110 s;400;466;0.0119 s;400;466;0.0120 s;0.0050 s;0.2430 s;0.0534 s;0.0822 s;0.0278 s
0;0;1.4043 s;0;0;0.0000 s;0;0;0.0000 s;0;0;0.0000 s;0;0;0.0000 s;0;0;0.0000 s;0;0;0.0000 s;2.5408 s;0.4240 s;1.6547 s;3.7510 s;0.8342 s
261;463;0.8390 s;261;463;0.0180 s;261;463;0.0110 s;261;463;0.0080 s;261;463;0.0080 s;261;463;0.0090 s;261;463;0.0090 s;0.0030 s;0.2360 s;0.1060 s;0.3874 s;0.0520 s
258;322;0.5780 s;258;322;0.0230 s;258;322;0.0110 s;258;322;0.0090 s;258;322;0.0090 s;258;322;0.0090 s;258;322;0.0090 s;0.0070 s;0.1600 s;0.1131 s;0.2620 s;0.0571 s
413;378;0.7167 s;413;378;0.0190 s;413;378;0.0160 s;413;378;0.0130 s;413;378;0.0130 s;413;378;0.0120 s;413;378;0.0120 s;0.0030 s;0.1900 s;0.0010 s;0.0020 s;0.0010 s
418;363;0.6761 s;418;363;0.0245 s;418;363;0.0150 s;418;363;0.0130 s;418;363;0.0130 s;418;363;0.0130 s;418;363;0.0120 s;0.0235 s;0.1810 s;0.0030 s;0.0040 s;0.0010 s
0;0;1.3795 s;0;0;0.0000 s;0;0;0.0000 s;0;0;0.0000 s;0;0;0.0000 s;0;0;0.0000 s;0;0;0.0000 s;2.5510 s;0.4115 s;1.6423 s;3.6538 s;0.8196 s
377;377;0.6901 s;377;377;0.0210 s;377;377;0.0185 s;377;377;0.0140 s;377;377;0.0140 s;377;377;0.0140 s;377;377;0.0140 s;0.0030 s;0.1862 s;0.0000 s;0.0000 s;0.0000 s
0;0;1.3771 s;0;0;0.0000 s;0;0;0.0000 s;0;0;0.0000 s;0;0;0.0000 s;0;0;0.0000 s;0;0;0.0000 s;2.5836 s;0.4105 s;1.6290 s;3.6541 s;0.8240 s
0;0;1.3908 s;0;0;0.0000 s;0;0;0.0000 s;0;0;0.0000 s;0;0;0.0000 s;0;0;0.0000 s;0;0;0.0000 s;2.5740 s;0.4366 s;1.6323 s;3.7968 s;0.8485 s
336;363;0.6809 s;336;363;0.0271 s;336;363;0.0170 s;336;363;0.0120 s;336;363;0.0120 s;336;363;0.0115 s;336;363;0.0120 s;0.0060 s;0.1812 s;0.0030 s;0.0050 s;0.0020 s
273;196;0.3775 s;273;196;0.0195 s;273;196;0.0070 s;273;196;0.0060 s;273;196;0.0060 s;273;196;0.0060 s;273;196;0.0055 s;0.0060 s;0.0993 s;0.3106 s;0.8879 s;0.1572 s
504;451;0.8487 s;504;451;0.0230 s;504;451;0.0110 s;504;451;0.0091 s;504;451;0.0080 s;504;451;0.0090 s;504;451;0.0075 s;0.0030 s;0.2301 s;0.1320 s;0.3844 s;0.0670 s
0;0;1.3944 s;0;0;0.0000 s;0;0;0.0000 s;0;0;0.0000 s;0;0;0.0000 s;0;0;0.0000 s;0;0;0.0000 s;2.5799 s;0.4140 s;1.6436 s;3.6622 s;0.8246 s
448;378;0.7092 s;448;378;0.0230 s;448;378;0.0140 s;448;378;0.0140 s;448;378;0.0140 s;448;378;0.0130 s;448;378;0.0120 s;0.0050 s;0.1930 s;0.0300 s;0.0330 s;0.0160 s
188;373;0.6705 s;188;373;0.0170 s;188;373;0.0080 s;188;373;0.0070 s;188;373;0.0060 s;188;373;0.0070 s;188;373;0.0060 s;0.0080 s;0.1931 s;0.3474 s;0.3750 s;0.1781 s
357;367;0.6819 s;357;367;0.0220 s;357;367;0.0170 s;357;367;0.0130 s;357;367;0.0130 s;357;367;0.0130 s;357;367;0.0140 s;0.0040 s;0.1840 s;0.0000 s;0.0000 s;0.0000 s
374;506;0.9573 s;374;506;0.0230 s;374;506;0.0110 s;374;506;0.0080 s;374;506;0.0100 s;374;506;0.0090 s;374;506;0.0090 s;0.0040 s;0.2671 s;0.1394 s;0.1535 s;0.0700 s
311;287;0.5734 s;311;287;0.0160 s;311;287;0.0160 s;311;287;0.0100 s;311;287;0.0110 s;311;287;0.0090 s;311;287;0.0110 s;0.0030 s;0.1510 s;0.0590 s;0.1940 s;0.0320 s
312;433;0.8270 s;312;433;0.0305 s;312;433;0.0135 s;312;433;0.0110 s;312;433;0.0100 s;312;433;0.0100 s;312;433;0.0100 s;0.0170 s;0.2260 s;0.0250 s;0.0980 s;0.0120 s
227;233;0.4209 s;227;233;0.0270 s;227;233;0.0080 s;227;233;0.0070 s;227;233;0.0050 s;227;233;0.0060 s;227;233;0.0061 s;0.0110 s;0.1380 s;0.2375 s;0.9590 s;0.1095 s
520;598;1.1320 s;520;598;0.0210 s;520;598;0.0050 s;520;598;0.0040 s;520;598;0.0040 s;520;598;0.0040 s;520;598;0.0040 s;0.0210 s;0.3260 s;0.5040 s;1.5350 s;0.2470 s
546;312;0.5927 s;546;312;0.0240 s;546;312;0.0090 s;546;312;0.0070 s;546;312;0.0070 s;546;312;0.0070 s;546;312;0.0080 s;0.0060 s;0.1549 s;0.2650 s;0.5531 s;0.1520 s
349;541;1.0050 s;349;541;0.0250 s;349;541;0.0100 s;349;541;0.0070 s;349;541;0.0075 s;349;541;0.0070 s;349;541;0.0073 s;0.0030 s;0.2830 s;0.2470 s;0.3475 s;0.1251 s
432;461;0.8658 s;432;461;0.0180 s;432;461;0.0130 s;432;461;0.0120 s;432;461;0.0110 s;432;461;0.0100 s;432;461;0.0090 s;0.0030 s;0.2455 s;0.0460 s;0.1586 s;0.0248 s
0;0;1.4962 s;0;0;0.0000 s;0;0;0.0000 s;0;0;0.0000 s;0;0;0.0000 s;0;0;0.0000 s;0;0;0.0000 s;2.6992 s;0.4141 s;1.6308 s;3.7381 s;0.8376 s
443;4;0.0100 s;443;4;0.0010 s;443;4;0.0010 s;443;4;0.0010 s;443;4;0.0010 s;443;4;0.0010 s;443;4;0.0000 s;0.0501 s;0.0010 s;1.6160 s;2.3114 s;0.7926 s
407;389;0.7344 s;407;389;0.0160 s;407;389;0.0165 s;407;389;0.0135 s;407;389;0.0130 s;407;389;0.0130 s;407;389;0.0125 s;0.0020 s;0.1960 s;0.0000 s;0.0010 s;0.0000 s
0;0;1.4255 s;0;0;0.0000 s;0;0;0.0000 s;0;0;0.0000 s;0;0;0.0000 s;0;0;0.0000 s;0;0;0.0000 s;2.5824 s;0.4316 s;1.6525 s;3.8386 s;0.8853 s
511;306;0.5998 s;511;306;0.0159 s;511;306;0.0105 s;511;306;0.0070 s;511;306;0.0080 s;511;306;0.0080 s;511;306;0.0080 s;0.0130 s;0.1586 s;0.1610 s;0.4043 s;0.0799 s
284;415;0.8090 s;284;415;0.0210 s;284;415;0.0150 s;284;415;0.0120 s;284;415;0.0095 s;284;415;0.0090 s;284;415;0.0110 s;0.0020 s;0.2199 s;0.0640 s;0.1395 s;0.0340 s
97;296;0.5332 s;97;296;0.0230 s;97;296;0.0040 s;97;296;0.0030 s;97;296;0.0035 s;97;296;0.0030 s;97;296;0.0050 s;0.0210 s;0.1510 s;0.9390 s;1.6522 s;0.4411 s
347;278;0.5192 s;347;278;0.0200 s;347;278;0.0130 s;347;278;0.0100 s;347;278;0.0100 s;347;278;0.0100 s;347;278;0.0100 s;0.0050 s;0.1390 s;0.0700 s;0.1170 s;0.0350 s
416;430;0.8085 s;416;430;0.0220 s;416;430;0.0150 s;416;430;0.0110 s;416;430;0.0120 s;416;430;0.0110 s;416;430;0.0109 s;0.0040 s;0.2210 s;0.0110 s;0.0395 s;0.0060 s
0;0;1.5063 s;0;0;0.0000 s;0;0;0.0000 s;0;0;0.0000 s;0;0;0.0000 s;0;0;0.0000 s;0;0;0.0000 s;2.8209 s;0.4450 s;1.7970 s;4.1140 s;0.8479 s
34;282;0.4913 s;34;282;0.0150 s;34;282;0.0020 s;34;282;0.0020 s;34;282;0.0010 s;34;282;0.0020 s;34;282;0.0020 s;0.0090 s;0.1410 s;1.3877 s;2.5232 s;0.7205 s
108;377;0.7410 s;108;377;0.0280 s;108;377;0.0050 s;108;377;0.0040 s;108;377;0.0050 s;108;377;0.0050 s;108;377;0.0050 s;0.0080 s;0.2010 s;0.7816 s;0.9138 s;0.4901 s
296;129;0.2970 s;296;129;0.0240 s;296;129;0.0060 s;296;129;0.0040 s;296;129;0.0040 s;296;129;0.0040 s;296;129;0.0040 s;0.0140 s;0.0690 s;0.7490 s;1.2978 s;0.3274 s
670;418;0.8114 s;670;418;0.0207 s;670;418;0.0030 s;670;418;0.0030 s;670;418;0.0030 s;670;418;0.0030 s;670;418;0.0030 s;0.0140 s;0.2300 s;0.9441 s;1.4334 s;0.5512 s
303;171;0.3177 s;303;171;0.0260 s;303;171;0.0090 s;303;171;0.0060 s;303;171;0.0050 s;303;171;0.0060 s;303;171;0.0050 s;0.0040 s;0.0880 s;0.4314 s;0.8776 s;0.2370 s
286;554;1.0099 s;286;554;0.0190 s;286;554;0.0080 s;286;554;0.0065 s;286;554;0.0060 s;286;554;0.0070 s;286;554;0.0060 s;0.0020 s;0.2905 s;0.2990 s;0.7727 s;0.1512 s
0;0;1.4418 s;0;0;0.0000 s;0;0;0.0000 s;0;0;0.0000 s;0;0;0.0000 s;0;0;0.0000 s;0;0;0.0000 s;2.5682 s;0.4060 s;1.6090 s;3.6964 s;0.8547 s
343;444;0.8054 s;343;444;0.0250 s;343;444;0.0140 s;343;444;0.0110 s;343;444;0.0100 s;343;444;0.0110 s;343;444;0.0110 s;0.0010 s;0.2248 s;0.0220 s;0.0570 s;0.0110 s
409;332;0.6107 s;409;332;0.0180 s;409;332;0.0155 s;409;332;0.0115 s;409;332;0.0120 s;409;332;0.0110 s;409;332;0.0110 s;0.0000 s;0.1684 s;0.0060 s;0.0200 s;0.0040 s
389;385;0.7078 s;389;385;0.0148 s;389;385;0.0165 s;389;385;0.0130 s;389;385;0.0130 s;389;385;0.0130 s;389;385;0.0140 s;0.0040 s;0.1920 s;0.0000 s;0.0000 s;0.0000 s
305;247;0.4431 s;305;247;0.0170 s;305;247;0.0100 s;305;247;0.0079 s;305;247;0.0080 s;305;247;0.0080 s;305;247;0.0080 s;0.0070 s;0.1221 s;0.1410 s;0.3691 s;0.0700 s
358;32;0.0600 s;358;32;0.0100 s;358;32;0.0020 s;358;32;0.0020 s;358;32;0.0020 s;358;32;0.0010 s;358;32;0.0020 s;0.0150 s;0.0140 s;1.3172 s;1.5171 s;0.6543 s
382;441;0.8106 s;382;441;0.0270 s;382;441;0.0150 s;382;441;0.0110 s;382;441;0.0110 s;382;441;0.0110 s;382;441;0.0110 s;0.0010 s;0.2215 s;0.0190 s;0.0220 s;0.0100 s
407;435;0.7990 s;407;435;0.0210 s;407;435;0.0140 s;407;435;0.0110 s;407;435;0.0110 s;407;435;0.0110 s;407;435;0.0110 s;0.0020 s;0.2190 s;0.0140 s;0.0360 s;0.0070 s
501;253;0.4772 s;501;253;0.0200 s;501;253;0.0090 s;501;253;0.0070 s;501;253;0.0070 s;501;253;0.0080 s;501;253;0.0070 s;0.0090 s;0.1250 s;0.1447 s;0.6192 s;0.0725 s
370;486;0.8888 s;370;486;0.0220 s;370;486;0.0130 s;370;486;0.0090 s;370;486;0.0140 s;370;486;0.0110 s;370;486;0.0100 s;0.0160 s;0.2468 s;0.0930 s;0.1250 s;0.0525 s
379;373;0.7025 s;379;373;0.0290 s;379;373;0.0170 s;379;373;0.0145 s;379;373;0.0130 s;379;373;0.0140 s;379;373;0.0150 s;0.0010 s;0.2010 s;0.0010 s;0.0000 s;0.0000 s
391;333;0.7015 s;391;333;0.0280 s;391;333;0.0170 s;391;333;0.0130 s;391;333;0.0270 s;391;333;0.0140 s;391;333;0.0150 s;0.0000 s;0.2035 s;0.0040 s;0.0080 s;0.0020 s
405;366;0.7466 s;405;366;0.0250 s;405;366;0.0190 s;405;366;0.0130 s;405;366;0.0130 s;405;366;0.0130 s;405;366;0.0130 s;0.0100 s;0.1990 s;0.0010 s;0.0000 s;0.0010 s
375;423;0.7980 s;375;423;0.0260 s;375;423;0.0200 s;375;423;0.0120 s;375;423;0.0140 s;375;423;0.0130 s;375;423;0.0120 s;0.0160 s;0.2400 s;0.0050 s;0.0060 s;0.0030 s
377;375;0.7640 s;377;375;0.0240 s;377;375;0.0245 s;377;375;0.0160 s;377;375;0.0160 s;377;375;0.0150 s;377;375;0.0140 s;0.0000 s;0.2115 s;0.0000 s;0.0000 s;0.0000 s
472;379;0.8091 s;472;379;0.0290 s;472;379;0.0140 s;472;379;0.0100 s;472;379;0.0120 s;472;379;0.0120 s;472;379;0.0140 s;0.0050 s;0.2140 s;0.0670 s;0.0820 s;0.0390 s
104;337;0.6693 s;104;337;0.0255 s;104;337;0.0050 s;104;337;0.0040 s;104;337;0.0040 s;104;337;0.0030 s;104;337;0.0050 s;0.0110 s;0.1940 s;0.9401 s;1.2941 s;0.4370 s
563;361;0.7470 s;563;361;0.0240 s;563;361;0.0090 s;563;361;0.0071 s;563;361;0.0070 s;563;361;0.0070 s;563;361;0.0080 s;0.0050 s;0.1896 s;0.3440 s;0.4291 s;0.1854 s
373;374;0.7462 s;373;374;0.0140 s;373;374;0.0190 s;373;374;0.0145 s;373;374;0.0150 s;373;374;0.0140 s;373;374;0.0160 s;0.0020 s;0.2005 s;0.0000 s;0.0000 s;0.0000 s
273;373;0.7661 s;273;373;0.0210 s;273;373;0.0130 s;273;373;0.0120 s;273;373;0.0100 s;273;373;0.0110 s;273;373;0.0100 s;0.0190 s;0.2155 s;0.0910 s;0.0910 s;0.0460 s
335;368;0.6888 s;335;368;0.0300 s;335;368;0.0150 s;335;368;0.0120 s;335;368;0.0120 s;335;368;0.0120 s;335;368;0.0115 s;0.0250 s;0.1845 s;0.0030 s;0.0030 s;0.0020 s
0;0;1.4312 s;0;0;0.0000 s;0;0;0.0000 s;0;0;0.0000 s;0;0;0.0000 s;0;0;0.0000 s;0;0;0.0000 s;2.7343 s;0.4085 s;1.7891 s;4.0062 s;0.8780 s
668;537;1.0940 s;668;537;0.0200 s;668;537;0.0030 s;668;537;0.0021 s;668;537;0.0020 s;668;537;0.0020 s;668;537;0.0020 s;0.0020 s;0.2848 s;0.9005 s;2.3442 s;0.4535 s
297;210;0.4046 s;297;210;0.0183 s;297;210;0.0080 s;297;210;0.0070 s;297;210;0.0070 s;297;210;0.0060 s;297;210;0.0070 s;0.0040 s;0.1026 s;0.2497 s;0.6058 s;0.1260 s
0;0;1.3742 s;0;0;0.0000 s;0;0;0.0000 s;0;0;0.0000 s;0;0;0.0000 s;0;0;0.0000 s;0;0;0.0000 s;2.5344 s;0.4017 s;1.5911 s;3.5480 s;0.8155 s
291;189;0.3363 s;291;189;0.0230 s;291;189;0.0080 s;291;189;0.0060 s;291;189;0.0050 s;291;189;0.0060 s;291;189;0.0070 s;0.0090 s;0.0912 s;0.3300 s;0.7951 s;0.1686 s
258;430;0.7855 s;258;430;0.0140 s;258;430;0.0110 s;258;430;0.0080 s;258;430;0.0090 s;258;430;0.0080 s;258;430;0.0090 s;0.0080 s;0.2140 s;0.1170 s;0.2500 s;0.0556 s
189;492;0.8740 s;189;492;0.0140 s;189;492;0.0070 s;189;492;0.0050 s;189;492;0.0060 s;189;492;0.0050 s;189;492;0.0050 s;0.0020 s;0.2470 s;0.3315 s;0.9968 s;0.1840 s
550;605;1.1113 s;550;605;0.0190 s;550;605;0.0040 s;550;605;0.0030 s;550;605;0.0030 s;550;605;0.0040 s;550;605;0.0030 s;0.0360 s;0.3093 s;0.5091 s;1.8830 s;0.2600 s
270;295;0.5251 s;270;295;0.0200 s;270;295;0.0110 s;270;295;0.0080 s;270;295;0.0080 s;270;295;0.0080 s;270;295;0.0081 s;0.0070 s;0.1430 s;0.0810 s;0.3025 s;0.0415 s
0;0;1.3630 s;0;0;0.0000 s;0;0;0.0000 s;0;0;0.0000 s;0;0;0.0000 s;0;0;0.0000 s;0;0;0.0000 s;2.4540 s;0.4139 s;1.5872 s;3.5143 s;0.7928 s
487;284;0.5283 s;487;284;0.0160 s;487;284;0.0100 s;487;284;0.0081 s;487;284;0.0080 s;487;284;0.0080 s;487;284;0.0080 s;0.0010 s;0.1425 s;0.0970 s;0.3727 s;0.0460 s
391;353;0.6439 s;391;353;0.0230 s;391;353;0.0160 s;391;353;0.0125 s;391;353;0.0120 s;391;353;0.0120 s;391;353;0.0126 s;0.0060 s;0.1719 s;0.0000 s;0.0000 s;0.0000 s
595;100;0.1950 s;595;100;0.0200 s;595;100;0.0020 s;595;100;0.0010 s;595;100;0.0020 s;595;100;0.0020 s;595;100;0.0010 s;0.1700 s;0.0480 s;0.7921 s;2.6704 s;0.3977 s
414;374;0.6889 s;414;374;0.0190 s;414;374;0.0160 s;414;374;0.0120 s;414;374;0.0120 s;414;374;0.0120 s;414;374;0.0120 s;0.0020 s;0.1800 s;0.0020 s;0.0020 s;0.0000 s
414;281;0.5179 s;414;281;0.0230 s;414;281;0.0120 s;414;281;0.0100 s;414;281;0.0090 s;414;281;0.0100 s;414;281;0.0090 s;0.0020 s;0.1360 s;0.0610 s;0.1221 s;0.0310 s
314;380;0.6951 s;314;380;0.0207 s;314;380;0.0140 s;314;380;0.0110 s;314;380;0.0110 s;314;380;0.0110 s;314;380;0.0110 s;0.0020 s;0.1832 s;0.0180 s;0.0170 s;0.0090 s
0;0;1.3590 s;0;0;0.0000 s;0;0;0.0000 s;0;0;0.0000 s;0;0;0.0000 s;0;0;0.0000 s;0;0;0.0000 s;2.4622 s;0.3937 s;1.5619 s;3.5189 s;0.8078 s
352;408;0.7387 s;352;408;0.0260 s;352;408;0.0160 s;352;408;0.0130 s;352;408;0.0120 s;352;408;0.0120 s;352;408;0.0110 s;0.0050 s;0.1982 s;0.0010 s;0.0040 s;0.0010 s
358;368;0.6681 s;358;368;0.0161 s;358;368;0.0170 s;358;369;0.0130 s;358;368;0.0120 s;358;368;0.0130 s;358;368;0.0120 s;0.0040 s;0.1771 s;0.0000 s;0.0000 s;0.0000 s
404;292;0.5353 s;404;292;0.0250 s;404;292;0.0140 s;404;292;0.0110 s;404;292;0.0100 s;404;292;0.0100 s;404;292;0.0090 s;0.0010 s;0.1490 s;0.0460 s;0.0756 s;0.0229 s
377;310;0.5640 s;377;310;0.0260 s;377;310;0.0140 s;377;310;0.0100 s;377;310;0.0100 s;377;310;0.0105 s;377;310;0.0100 s;0.0020 s;0.1483 s;0.0220 s;0.0220 s;0.0115 s
451;376;0.6931 s;451;376;0.0140 s;452;376;0.0140 s;452;376;0.0110 s;452;376;0.0100 s;452;376;0.0110 s;452;376;0.0100 s;0.0010 s;0.1815 s;0.0300 s;0.0305 s;0.0150 s
381;378;0.7000 s;381;378;0.0220 s;381;378;0.0180 s;381;378;0.0130 s;381;378;0.0130 s;381;378;0.0140 s;381;378;0.0120 s;0.0020 s;0.1815 s;0.0000 s;0.0000 s;0.0000 s
427;254;0.4819 s;427;254;0.0240 s;427;254;0.0110 s;427;254;0.0090 s;427;254;0.0080 s;427;254;0.0080 s;427;254;0.0081 s;0.0040 s;0.1222 s;0.1160 s;0.2448 s;0.0592 s
393;396;0.7237 s;393;396;0.0220 s;393;396;0.0160 s;393;396;0.0130 s;393;396;0.0120 s;393;396;0.0120 s;393;396;0.0120 s;0.0030 s;0.1915 s;0.0000 s;0.0000 s;0.0000 s
385;389;0.7096 s;385;389;0.0210 s;385;389;0.0160 s;385;389;0.0130 s;385;389;0.0130 s;385;389;0.0130 s;385;389;0.0130 s;0.0070 s;0.1880 s;0.0000 s;0.0000 s;0.0000 s
431;260;0.4777 s;431;260;0.0201 s;431;260;0.0106 s;431;260;0.0080 s;431;260;0.0090 s;431;260;0.0100 s;431;260;0.0300 s;0.0050 s;0.1255 s;0.1040 s;0.2511 s;0.0540 s
0;0;1.3658 s;0;0;0.0000 s;0;0;0.0000 s;0;0;0.0000 s;0;0;0.0000 s;0;0;0.0000 s;0;0;0.0000 s;2.4760 s;0.3975 s;1.5666 s;3.5181 s;0.8310 s
133;344;0.5962 s;133;344;0.0150 s;133;344;0.0050 s;133;344;0.0046 s;133;344;0.0040 s;133;344;0.0040 s;133;344;0.0040 s;0.0030 s;0.1676 s;0.5992 s;0.7775 s;0.3020 s
477;471;0.8795 s;477;471;0.0190 s;477;471;0.0110 s;477;471;0.0080 s;477;471;0.0080 s;477;471;0.0080 s;477;471;0.0090 s;0.0030 s;0.2345 s;0.0770 s;0.3368 s;0.0395 s
0;0;1.3625 s;0;0;0.0000 s;0;0;0.0000 s;0;0;0.0000 s;0;0;0.0000 s;0;0;0.0000 s;0;0;0.0000 s;2.4498 s;0.3970 s;1.5918 s;3.4831 s;0.8095 s
387;330;0.6021 s;387;330;0.0200 s;387;330;0.0150 s;387;330;0.0120 s;387;330;0.0120 s;387;330;0.0110 s;387;330;0.0110 s;0.0030 s;0.1570 s;0.0050 s;0.0060 s;0.0030 s
0;0;1.3588 s;0;0;0.0000 s;0;0;0.0000 s;0;0;0.0000 s;0;0;0.0000 s;0;0;0.0000 s;0;0;0.0000 s;2.4840 s;0.4015 s;1.5658 s;3.7342 s;0.8910 s
400;254;0.5320 s;400;254;0.0250 s;400;254;0.0140 s;400;254;0.0090 s;400;254;0.0090 s;400;254;0.0090 s;400;254;0.0100 s;0.0080 s;0.1440 s;0.1308 s;0.1835 s;0.0640 s
219;295;0.5765 s;219;295;0.0220 s;219;295;0.0160 s;219;295;0.0070 s;219;295;0.0080 s;219;295;0.0080 s;219;295;0.0070 s;0.0030 s;0.1550 s;0.2380 s;0.6213 s;0.1110 s
379;381;0.7436 s;379;381;0.0190 s;379;381;0.0190 s;379;381;0.0150 s;379;381;0.0140 s;379;381;0.0150 s;379;381;0.0140 s;0.0050 s;0.2050 s;0.0000 s;0.0000 s;0.0000 s
343;421;0.7776 s;343;421;0.0265 s;343;421;0.0140 s;343;421;0.0116 s;343;421;0.0109 s;343;421;0.0110 s;343;421;0.0110 s;0.0080 s;0.2063 s;0.0061 s;0.0216 s;0.0030 s
195;285;0.4985 s;195;285;0.0245 s;195;285;0.0070 s;195;285;0.0060 s;195;285;0.0050 s;195;285;0.0060 s;195;285;0.0060 s;0.0040 s;0.1367 s;0.3064 s;0.7650 s;0.1550 s
446;445;0.8396 s;446;445;0.0135 s;446;445;0.0130 s;446;445;0.0100 s;446;445;0.0090 s;446;445;0.0100 s;446;445;0.0100 s;0.0010 s;0.2200 s;0.0320 s;0.1341 s;0.0170 s
360;353;0.6378 s;360;353;0.0130 s;360;353;0.0166 s;360;353;0.0120 s;360;353;0.0130 s;360;353;0.0110 s;360;353;0.0120 s;0.0060 s;0.1701 s;0.0000 s;0.0000 s;0.0010 s
364;465;0.8537 s;364;465;0.0190 s;364;465;0.0130 s;364;465;0.0100 s;364;465;0.0100 s;364;465;0.0110 s;364;465;0.0110 s;0.0070 s;0.2340 s;0.0495 s;0.0610 s;0.0250 s
375;347;0.6319 s;375;347;0.0270 s;375;347;0.0150 s;375;347;0.0130 s;375;347;0.0118 s;375;347;0.0120 s;375;347;0.0120 s;0.0090 s;0.1669 s;0.0000 s;0.0000 s;0.0000 s
409;387;0.7062 s;409;387;0.0150 s;409;387;0.0160 s;409;387;0.0120 s;409;387;0.0120 s;409;387;0.0110 s;409;387;0.0110 s;0.0070 s;0.1880 s;0.0000 s;0.0010 s;0.0010 s
339;352;0.6477 s;339;352;0.0220 s;339;352;0.0150 s;339;352;0.0110 s;339;352;0.0110 s;339;352;0.0110 s;339;352;0.0121 s;0.0010 s;0.1704 s;0.0030 s;0.0090 s;0.0010 s
449;268;0.4933 s;449;268;0.0160 s;449;268;0.0110 s;449;268;0.0080 s;449;268;0.0090 s;449;268;0.0090 s;449;268;0.0080 s;0.0040 s;0.1305 s;0.0880 s;0.2881 s;0.0430 s
264;349;0.6169 s;264;349;0.0250 s;264;349;0.0109 s;264;349;0.0091 s;264;349;0.0090 s;264;349;0.0090 s;264;349;0.0090 s;0.0060 s;0.1688 s;0.0932 s;0.1402 s;0.0460 s
353;431;0.7826 s;353;431;0.0200 s;353;431;0.0150 s;353;431;0.0110 s;353;431;0.0110 s;353;431;0.0100 s;353;431;0.0110 s;0.0030 s;0.2160 s;0.0100 s;0.0230 s;0.0060 s
299;552;1.0334 s;299;552;0.0170 s;299;552;0.0085 s;299;552;0.0070 s;299;552;0.0065 s;299;552;0.0070 s;299;552;0.0055 s;0.0157 s;0.2795 s;0.2765 s;0.6390 s;0.1420 s
402;298;0.5467 s;402;298;0.0165 s;402;298;0.0140 s;402;298;0.0100 s;402;298;0.0110 s;402;298;0.0100 s;402;298;0.0110 s;0.0030 s;0.1438 s;0.0340 s;0.0560 s;0.0170 s
459;448;0.8285 s;459;448;0.0190 s;459;448;0.0120 s;459;448;0.0100 s;459;448;0.0090 s;459;448;0.0100 s;459;448;0.0090 s;0.0070 s;0.2197 s;0.0435 s;0.1821 s;0.0220 s
334;373;0.6726 s;334;373;0.0300 s;334;373;0.0150 s;334;373;0.0110 s;334;373;0.0110 s;334;373;0.0120 s;334;373;0.0110 s;0.0040 s;0.1803 s;0.0050 s;0.0040 s;0.0020 s
311;377;0.6748 s;311;377;0.0242 s;311;377;0.0140 s;311;377;0.0110 s;311;377;0.0110 s;311;377;0.0110 s;311;377;0.0110 s;0.0020 s;0.1820 s;0.0200 s;0.0210 s;0.0100 s
354;282;0.5104 s;354;282;0.0210 s;354;282;0.0130 s;354;282;0.0100 s;354;282;0.0110 s;354;282;0.0097 s;354;282;0.0090 s;0.0040 s;0.1420 s;0.0631 s;0.0874 s;0.0309 s
316;443;0.7995 s;316;443;0.0230 s;316;443;0.0120 s;316;443;0.0107 s;316;443;0.0100 s;316;443;0.0100 s;316;443;0.0100 s;0.0060 s;0.2182 s;0.0246 s;0.1063 s;0.0136 s
177;201;0.3590 s;177;201;0.0150 s;177;201;0.0050 s;177;201;0.0030 s;177;201;0.0040 s;177;201;0.0030 s;177;201;0.0040 s;0.0240 s;0.0965 s;0.4020 s;1.5769 s;0.1898 s
225;387;0.6996 s;225;387;0.0200 s;225;387;0.0100 s;225;388;0.0080 s;225;387;0.0080 s;225;388;0.0080 s;225;387;0.0080 s;0.0040 s;0.1881 s;0.2004 s;0.2205 s;0.1000 s
372;332;0.6131 s;372;332;0.0230 s;372;332;0.0160 s;372;332;0.0120 s;372;332;0.0120 s;372;332;0.0111 s;372;332;0.0120 s;0.0100 s;0.1600 s;0.0040 s;0.0050 s;0.0019 s
477;395;0.7295 s;477;395;0.0235 s;477;395;0.0120 s;477;395;0.0100 s;477;395;0.0090 s;477;395;0.0100 s;477;395;0.0090 s;0.0010 s;0.1926 s;0.0690 s;0.0865 s;0.0349 s
391;290;0.5254 s;391;290;0.0260 s;391;290;0.0136 s;391;290;0.0100 s;391;290;0.0110 s;391;290;0.0110 s;391;290;0.0100 s;0.0436 s;0.1391 s;0.0456 s;0.0620 s;0.0260 s
673;411;0.7816 s;673;411;0.0220 s;673;411;0.0030 s;673;411;0.0020 s;673;411;0.0020 s;673;411;0.0030 s;673;411;0.0020 s;0.0050 s;0.2050 s;0.9127 s;1.2138 s;0.4615 s
379;376;0.6839 s;379;376;0.0192 s;379;376;0.0180 s;379;376;0.0140 s;379;376;0.0130 s;379;376;0.0130 s;379;376;0.0130 s;0.0020 s;0.1805 s;0.0000 s;0.0000 s;0.0000 s
0;0;1.3871 s;0;0;0.0000 s;0;0;0.0000 s;0;0;0.0000 s;0;0;0.0000 s;0;0;0.0000 s;0;0;0.0000 s;2.5137 s;0.3950 s;1.5611 s;3.5159 s;0.8031 s
361;366;0.6652 s;361;366;0.0180 s;361;366;0.0170 s;362;366;0.0140 s;361;366;0.0130 s;361;366;0.0120 s;361;366;0.0130 s;0.0010 s;0.1775 s;0.0000 s;0.0000 s;0.0000 s
318;401;0.7256 s;318;401;0.0260 s;318;401;0.0149 s;318;401;0.0110 s;318;401;0.0110 s;318;401;0.0106 s;318;401;0.0110 s;0.0040 s;0.2147 s;0.0140 s;0.0276 s;0.0070 s
270;449;0.8026 s;270;449;0.0190 s;270;449;0.0110 s;270;449;0.0090 s;270;449;0.0090 s;270;449;0.0080 s;270;449;0.0080 s;0.0050 s;0.2235 s;0.0810 s;0.2700 s;0.0410 s
320;512;0.9258 s;320;512;0.0200 s;320;512;0.0110 s;320;512;0.0090 s;320;512;0.0080 s;320;512;0.0080 s;320;512;0.0080 s;0.0330 s;0.2560 s;0.1505 s;0.3385 s;0.0800 s
422;486;0.8883 s;422;486;0.0170 s;422;486;0.0110 s;422;486;0.0090 s;422;486;0.0090 s;422;486;0.0090 s;422;486;0.0090 s;0.0030 s;0.2430 s;0.0880 s;0.1880 s;0.0450 s
261;401;0.7439 s;261;401;0.0120 s;261;401;0.0120 s;261;401;0.0081 s;261;401;0.0090 s;261;401;0.0090 s;261;401;0.0090 s;0.0020 s;0.1950 s;0.1011 s;0.1409 s;0.0510 s
318;341;0.6132 s;318;341;0.0150 s;318;341;0.0140 s;318;341;0.0100 s;318;341;0.0110 s;318;341;0.0110 s;318;341;0.0100 s;0.0000 s;0.1640 s;0.0140 s;0.0410 s;0.0070 s
237;376;0.6747 s;237;376;0.0180 s;237;376;0.0110 s;237;376;0.0080 s;237;376;0.0070 s;237;376;0.0080 s;237;376;0.0080 s;0.0200 s;0.1812 s;0.1630 s;0.1720 s;0.0822 s
532;326;0.6093 s;532;326;0.0220 s;532;326;0.0090 s;532;326;0.0070 s;532;326;0.0070 s;532;326;0.0070 s;532;326;0.0080 s;0.0090 s;0.1571 s;0.2070 s;0.3771 s;0.1057 s
379;425;0.7801 s;379;425;0.0210 s;379;425;0.0150 s;379;425;0.0120 s;379;425;0.0120 s;379;425;0.0110 s;379;425;0.0120 s;0.0020 s;0.2091 s;0.0060 s;0.0070 s;0.0030 s
295;454;0.8162 s;295;454;0.0240 s;295;454;0.0110 s;295;454;0.0090 s;295;454;0.0095 s;295;454;0.0090 s;295;454;0.0100 s;0.0130 s;0.2300 s;0.0485 s;0.2191 s;0.0255 s
317;395;0.7106 s;317;395;0.0170 s;317;395;0.0140 s;317;395;0.0110 s;317;395;0.0110 s;317;395;0.0110 s;317;395;0.0110 s;0.0070 s;0.1900 s;0.0150 s;0.0210 s;0.0070 s
216;429;0.7590 s;216;429;0.0160 s;216;429;0.0080 s;216;429;0.0070 s;215;429;0.0070 s;216;429;0.0070 s;215;429;0.0070 s;0.0120 s;0.2103 s;0.2316 s;0.4155 s;0.1170 s
0;0;1.3613 s;0;0;0.0000 s;0;0;0.0000 s;0;0;0.0000 s;0;0;0.0000 s;0;0;0.0000 s;0;0;0.0000 s;2.4800 s;0.3966 s;1.5735 s;3.5027 s;0.7902 s
0;0;1.3976 s;0;0;0.0000 s;0;0;0.0000 s;0;0;0.0000 s;0;0;0.0000 s;0;0;0.0000 s;0;0;0.0000 s;2.4701 s;0.3952 s;1.5641 s;3.5216 s;0.8255 s
376;141;0.2573 s;376;141;0.0216 s;376;141;0.0060 s;376;141;0.0041 s;376;141;0.0050 s;376;141;0.0050 s;376;141;0.0040 s;0.0090 s;0.0670 s;0.5598 s;0.6102 s;0.2796 s
298;29;0.0530 s;298;29;0.0100 s;298;29;0.0020 s;298;29;0.0010 s;298;29;0.0010 s;298;29;0.0016 s;298;29;0.0020 s;0.0270 s;0.0130 s;1.3078 s;2.1627 s;0.7536 s
0;0;1.5072 s;0;0;0.0000 s;0;0;0.0000 s;0;0;0.0000 s;0;0;0.0000 s;0;0;0.0000 s;0;0;0.0000 s;2.8230 s;0.4136 s;1.7084 s;3.9001 s;0.8840 s
327;519;1.0249 s;327;519;0.0180 s;327;519;0.0100 s;327;519;0.0080 s;327;519;0.0090 s;327;519;0.0080 s;327;519;0.0070 s;0.0050 s;0.2776 s;0.1805 s;0.3490 s;0.0900 s
454;420;0.7867 s;454;420;0.0220 s;454;420;0.0140 s;454;420;0.0100 s;454;420;0.0110 s;454;420;0.0110 s;454;420;0.0100 s;0.0010 s;0.2390 s;0.0320 s;0.0940 s;0.0170 s
397;374;0.6889 s;397;374;0.0250 s;397;374;0.0170 s;397;374;0.0130 s;397;374;0.0130 s;397;374;0.0130 s;397;374;0.0120 s;0.0080 s;0.1810 s;0.0000 s;0.0000 s;0.0000 s
594;230;0.4508 s;594;230;0.0140 s;594;230;0.0050 s;594;230;0.0050 s;594;230;0.0040 s;594;230;0.0040 s;594;230;0.0040 s;0.0010 s;0.1190 s;0.4636 s;1.4908 s;0.2340 s
587;437;0.8294 s;587;437;0.0245 s;587;437;0.0070 s;587;437;0.0050 s;587;437;0.0060 s;587;437;0.0050 s;587;437;0.0050 s;0.0130 s;0.2145 s;0.4213 s;0.7559 s;0.2240 s
436;475;0.8758 s;436;475;0.0220 s;436;475;0.0115 s;436;475;0.0110 s;436;475;0.0100 s;436;475;0.0090 s;436;475;0.0090 s;0.0070 s;0.2544 s;0.0670 s;0.1980 s;0.0340 s
437;689;1.2601 s;437;689;0.0171 s;437;689;0.0040 s;437;689;0.0020 s;437;689;0.0020 s;437;689;0.0020 s;437;689;0.0030 s;0.0406 s;0.3845 s;1.0408 s;1.5991 s;0.5213 s
273;273;0.4894 s;273;273;0.0240 s;273;274;0.0110 s;273;274;0.0080 s;273;273;0.0080 s;273;273;0.0080 s;273;273;0.0080 s;0.0230 s;0.1310 s;0.0901 s;0.3889 s;0.0450 s
440;346;0.6411 s;440;346;0.0190 s;440;346;0.0140 s;440;346;0.0110 s;440;346;0.0120 s;440;346;0.0110 s;440;346;0.0110 s;0.0080 s;0.1660 s;0.0160 s;0.0405 s;0.0095 s
488;252;0.4732 s;488;252;0.0200 s;488;252;0.0090 s;488;252;0.0070 s;488;252;0.0070 s;488;252;0.0080 s;488;252;0.0070 s;0.0010 s;0.1225 s;0.1289 s;0.5405 s;0.0670 s
574;391;0.7699 s;574;391;0.0130 s;574;391;0.0080 s;574;391;0.0060 s;574;391;0.0070 s;574;391;0.0070 s;574;391;0.0060 s;0.0390 s;0.1911 s;0.3670 s;0.4169 s;0.1860 s
345;231;0.4210 s;345;231;0.0166 s;345;231;0.0100 s;345;231;0.0071 s;345;231;0.0076 s;345;231;0.0080 s;345;231;0.0080 s;0.0020 s;0.1116 s;0.1815 s;0.2611 s;0.0913 s
342;365;0.6844 s;342;365;0.0200 s;342;365;0.0160 s;342;365;0.0120 s;342;365;0.0130 s;342;365;0.0120 s;342;365;0.0110 s;0.0020 s;0.1760 s;0.0010 s;0.0010 s;0.0010 s
338;412;0.7460 s;338;412;0.0170 s;338;412;0.0150 s;338;412;0.0110 s;338;412;0.0120 s;338;412;0.0110 s;338;412;0.0120 s;0.0010 s;0.2005 s;0.0040 s;0.0180 s;0.0020 s
424;419;0.7728 s;424;419;0.0170 s;424;419;0.0146 s;424;419;0.0110 s;424;419;0.0100 s;424;419;0.0110 s;424;419;0.0105 s;0.0020 s;0.2043 s;0.0089 s;0.0355 s;0.0050 s
240;561;1.0154 s;240;561;0.0261 s;240;561;0.0060 s;240;561;0.0050 s;240;561;0.0050 s;240;561;0.0050 s;240;561;0.0050 s;0.0030 s;0.2829 s;0.3228 s;1.1384 s;0.1590 s
309;451;0.8177 s;309;451;0.0205 s;309;451;0.0120 s;309;451;0.0100 s;309;451;0.0100 s;309;451;0.0090 s;309;451;0.0090 s;0.0020 s;0.2210 s;0.0360 s;0.1520 s;0.0190 s
388;362;0.6642 s;388;362;0.0150 s;388;362;0.0160 s;388;362;0.0130 s;388;362;0.0150 s;388;362;0.0130 s;388;362;0.0140 s;0.0020 s;0.1830 s;0.0000 s;0.0000 s;0.0000 s
339;348;0.6681 s;339;348;0.0200 s;339;348;0.0150 s;339;348;0.0120 s;339;348;0.0110 s;339;348;0.0110 s;339;348;0.0120 s;0.0070 s;0.1670 s;0.0030 s;0.0110 s;0.0010 s
480;418;0.7786 s;480;418;0.0150 s;480;418;0.0120 s;480;418;0.0100 s;480;418;0.0090 s;480;418;0.0100 s;480;418;0.0100 s;0.0010 s;0.2032 s;0.0750 s;0.1550 s;0.0380 s
376;375;0.6868 s;376;375;0.0195 s;376;375;0.0170 s;376;375;0.0130 s;376;375;0.0130 s;376;375;0.0140 s;376;375;0.0130 s;0.0030 s;0.1810 s;0.0000 s;0.0000 s;0.0000 s
62;617;1.1230 s;62;617;0.0180 s;62;617;0.0010 s;62;617;0.0000 s;62;617;0.0000 s;62;617;0.0010 s;62;617;0.0000 s;0.2410 s;0.3169 s;1.0660 s;3.0493 s;0.5323 s
179;362;0.6374 s;179;362;0.0220 s;179;362;0.0080 s;179;362;0.0060 s;179;362;0.0060 s;179;362;0.0060 s;179;362;0.0060 s;0.0050 s;0.1750 s;0.3704 s;0.4443 s;0.1860 s
404;427;0.7819 s;404;427;0.0170 s;404;427;0.0140 s;404;427;0.0115 s;404;427;0.0120 s;404;427;0.0110 s;404;427;0.0110 s;0.0080 s;0.2113 s;0.0070 s;0.0205 s;0.0050 s
399;497;0.9100 s;399;497;0.0270 s;399;497;0.0120 s;399;497;0.0090 s;399;497;0.0090 s;399;497;0.0100 s;399;497;0.0090 s;0.0040 s;0.2460 s;0.1100 s;0.1810 s;0.0570 s
376;377;0.7039 s;376;377;0.0289 s;376;377;0.0178 s;376;377;0.0140 s;376;377;0.0140 s;376;377;0.0130 s;376;377;0.0140 s;0.0044 s;0.1801 s;0.0000 s;0.0000 s;0.0000 s
573;428;0.8080 s;573;428;0.0240 s;573;428;0.0070 s;573;428;0.0060 s;573;428;0.0060 s;573;428;0.0060 s;573;428;0.0070 s;0.0180 s;0.2099 s;0.3616 s;0.6052 s;0.1820 s
0;0;1.3712 s;0;0;0.0000 s;0;0;0.0000 s;0;0;0.0000 s;0;0;0.0000 s;0;0;0.0000 s;0;0;0.0000 s;2.4540 s;0.3950 s;1.5851 s;3.5323 s;0.7929 s
401;380;0.6959 s;401;380;0.0230 s;401;380;0.0160 s;401;380;0.0130 s;401;380;0.0120 s;401;380;0.0130 s;401;380;0.0130 s;0.0010 s;0.1835 s;0.0000 s;0.0000 s;0.0000 s
420;365;0.6849 s;420;365;0.0210 s;420;365;0.0150 s;420;365;0.0120 s;420;365;0.0110 s;420;365;0.0120 s;420;365;0.0400 s;0.0040 s;0.1780 s;0.0040 s;0.0050 s;0.0020 s
655;673;1.2363 s;655;673;0.0182 s;655;673;0.0010 s;655;674;0.0000 s;655;674;0.0000 s;655;673;0.0000 s;655;674;0.0000 s;0.0570 s;0.3493 s;0.9381 s;3.1257 s;0.4754 s
0;0;1.3809 s;0;0;0.0000 s;0;0;0.0000 s;0;0;0.0000 s;0;0;0.0000 s;0;0;0.0000 s;0;0;0.0000 s;2.4269 s;0.3961 s;1.6047 s;3.5197 s;0.7881 s
406;344;0.6371 s;406;344;0.0170 s;406;344;0.0160 s;406;344;0.0110 s;406;344;0.0120 s;406;344;0.0110 s;406;344;0.0120 s;0.0010 s;0.1670 s;0.0020 s;0.0070 s;0.0010 s
387;356;0.6523 s;387;356;0.0150 s;387;356;0.0160 s;387;356;0.0123 s;387;356;0.0119 s;387;356;0.0120 s;387;356;0.0127 s;0.0030 s;0.1731 s;0.0000 s;0.0000 s;0.0000 s
533;577;1.0726 s;533;577;0.0170 s;533;577;0.0050 s;533;577;0.0040 s;533;577;0.0040 s;534;577;0.0040 s;533;577;0.0050 s;0.0020 s;0.2910 s;0.3807 s;1.4327 s;0.1935 s
347;346;0.6324 s;347;346;0.0310 s;347;346;0.0170 s;347;346;0.0120 s;347;346;0.0120 s;347;346;0.0130 s;347;346;0.0120 s;0.0090 s;0.1940 s;0.0020 s;0.0060 s;0.0010 s
458;527;0.9686 s;458;527;0.0160 s;458;527;0.0090 s;458;527;0.0070 s;458;527;0.0070 s;458;527;0.0065 s;458;527;0.0070 s;0.0260 s;0.2832 s;0.1931 s;0.5183 s;0.0985 s
358;417;0.7597 s;358;417;0.0190 s;358;417;0.0160 s;358;417;0.0130 s;358;417;0.0120 s;358;417;0.0130 s;358;417;0.0120 s;0.0110 s;0.2022 s;0.0030 s;0.0060 s;0.0020 s
339;442;0.8118 s;339;442;0.0130 s;339;442;0.0140 s;339;442;0.0100 s;339;442;0.0110 s;339;442;0.0110 s;339;442;0.0100 s;0.0040 s;0.2180 s;0.0200 s;0.0580 s;0.0100 s
340;448;0.8151 s;340;448;0.0180 s;340;448;0.0140 s;340;448;0.0100 s;340;448;0.0110 s;340;448;0.0100 s;340;448;0.0110 s;0.0130 s;0.2207 s;0.0255 s;0.0670 s;0.0130 s
374;374;0.6859 s;374;374;0.0130 s;374;374;0.0173 s;374;374;0.0130 s;374;374;0.0130 s;374;374;0.0130 s;374;374;0.0130 s;0.0080 s;0.1802 s;0.0000 s;0.0000 s;0.0000 s
378;379;0.6908 s;378;379;0.0110 s;378;379;0.0170 s;378;379;0.0130 s;378;379;0.0130 s;378;379;0.0130 s;378;379;0.0135 s;0.0010 s;0.1828 s;0.0000 s;0.0000 s;0.0000 s
406;375;0.7051 s;406;375;0.0111 s;406;375;0.0157 s;406;375;0.0120 s;406;375;0.0110 s;406;375;0.0120 s;406;375;0.0130 s;0.0070 s;0.1800 s;0.0010 s;0.0000 s;0.0000 s
630;537;1.0003 s;630;537;0.0211 s;630;537;0.0030 s;630;537;0.0030 s;630;537;0.0030 s;630;537;0.0030 s;630;537;0.0020 s;0.0450 s;0.2702 s;0.6420 s;1.9922 s;0.3261 s
378;371;0.6796 s;378;371;0.0150 s;378;371;0.0180 s;378;371;0.0130 s;378;371;0.0130 s;378;371;0.0130 s;378;371;0.0130 s;0.0000 s;0.1780 s;0.0000 s;0.0000 s;0.0000 s
530;326;0.6414 s;530;326;0.0110 s;530;326;0.0090 s;530;326;0.0070 s;530;326;0.0070 s;530;326;0.0080 s;530;326;0.0080 s;0.0010 s;0.1590 s;0.2063 s;0.3778 s;0.1041 s
377;387;0.7065 s;377;387;0.0151 s;377;387;0.0160 s;377;387;0.0120 s;377;387;0.0130 s;377;387;0.0130 s;377;387;0.0120 s;0.0010 s;0.1860 s;0.0000 s;0.0000 s;0.0000 s
390;430;0.7919 s;390;430;0.0140 s;390;430;0.0150 s;390;430;0.0120 s;390;430;0.0120 s;390;430;0.0110 s;390;430;0.0110 s;0.0110 s;0.2117 s;0.0090 s;0.0120 s;0.0050 s
0;0;1.3847 s;0;0;0.0000 s;0;0;0.0000 s;0;0;0.0000 s;0;0;0.0000 s;0;0;0.0000 s;0;0;0.0000 s;2.4556 s;0.3966 s;1.5881 s;3.5593 s;0.7933 s
382;364;0.6685 s;382;364;0.0190 s;382;364;0.0160 s;382;364;0.0120 s;382;364;0.0140 s;382;364;0.0130 s;382;364;0.0160 s;0.0040 s;0.1770 s;0.0000 s;0.0000 s;0.0000 s
454;434;0.8032 s;454;434;0.0201 s;454;434;0.0130 s;454;434;0.0100 s;454;434;0.0100 s;454;434;0.0100 s;454;434;0.0100 s;0.0010 s;0.2127 s;0.0335 s;0.1250 s;0.0180 s
156;449;0.8159 s;156;449;0.0170 s;156;449;0.0055 s;156;449;0.0040 s;156;449;0.0040 s;156;449;0.0040 s;156;449;0.0050 s;0.0080 s;0.2220 s;0.4790 s;0.9040 s;0.2384 s
727;437;0.8257 s;727;437;0.0150 s;727;437;0.0020 s;727;437;0.0010 s;727;437;0.0020 s;727;437;0.0010 s;727;437;0.0020 s;0.1180 s;0.2202 s;1.3173 s;1.9518 s;0.6657 s
618;190;0.3658 s;618;190;0.0230 s;618;190;0.0040 s;618;190;0.0030 s;618;190;0.0030 s;618;190;0.0030 s;618;190;0.0030 s;0.0090 s;0.0912 s;0.5799 s;2.1586 s;0.2957 s
0;0;1.3746 s;0;0;0.0000 s;0;0;0.0000 s;0;0;0.0000 s;0;0;0.0000 s;0;0;0.0000 s;0;0;0.0000 s;2.4921 s;0.3979 s;1.5672 s;3.5253 s;0.7939 s
407;591;1.0895 s;407;591;0.0220 s;407;591;0.0070 s;407;591;0.0060 s;407;591;0.0060 s;407;591;0.0060 s;407;591;0.0060 s;0.0140 s;0.2980 s;0.4402 s;0.5902 s;0.2335 s
161;512;0.9365 s;161;512;0.0160 s;161;512;0.0050 s;161;512;0.0040 s;161;512;0.0040 s;161;512;0.0050 s;161;512;0.0040 s;0.0050 s;0.2580 s;0.4519 s;1.3771 s;0.2260 s
331;354;0.6455 s;331;354;0.0230 s;331;354;0.0165 s;331;354;0.0130 s;331;354;0.0120 s;331;354;0.0120 s;331;354;0.0120 s;0.0510 s;0.1855 s;0.0040 s;0.0110 s;0.0020 s
456;385;0.7130 s;456;385;0.0240 s;456;385;0.0140 s;456;385;0.0100 s;456;385;0.0100 s;456;385;0.0110 s;456;385;0.0100 s;0.0010 s;0.1880 s;0.0358 s;0.0390 s;0.0175 s
340;478;0.8704 s;340;478;0.0150 s;340;478;0.0120 s;340;478;0.0090 s;340;478;0.0090 s;340;478;0.0090 s;340;478;0.0090 s;0.0150 s;0.2377 s;0.0700 s;0.1340 s;0.0370 s
0;0;1.3866 s;0;0;0.0000 s;0;0;0.0000 s;0;0;0.0000 s;0;0;0.0000 s;0;0;0.0000 s;0;0;0.0000 s;2.4647 s;0.3967 s;1.5633 s;3.5361 s;0.7966 s
443;211;0.3934 s;443;211;0.0166 s;443;211;0.0090 s;443;211;0.0070 s;443;211;0.0070 s;443;211;0.0070 s;443;211;0.0060 s;0.0020 s;0.1040 s;0.2550 s;0.5181 s;0.1240 s
375;376;0.6889 s;375;376;0.0300 s;375;376;0.0170 s;375;376;0.0135 s;375;376;0.0125 s;375;376;0.0130 s;375;376;0.0130 s;0.0020 s;0.1811 s;0.0000 s;0.0000 s;0.0000 s
247;264;0.4701 s;247;264;0.0160 s;247;264;0.0090 s;247;264;0.0070 s;247;264;0.0060 s;247;264;0.0070 s;247;264;0.0070 s;0.0030 s;0.1258 s;0.1380 s;0.5697 s;0.0700 s
408;160;0.2966 s;408;160;0.0220 s;408;160;0.0070 s;408;160;0.0060 s;408;160;0.0060 s;408;160;0.0050 s;408;160;0.0055 s;0.0090 s;0.0759 s;0.4614 s;0.6176 s;0.2265 s
511;505;0.9355 s;511;505;0.0240 s;511;505;0.0090 s;511;505;0.0065 s;511;505;0.0060 s;511;505;0.0070 s;511;505;0.0070 s;0.0130 s;0.2547 s;0.1630 s;0.7062 s;0.0820 s
0;0;1.4195 s;0;0;0.0000 s;0;0;0.0000 s;0;0;0.0000 s;0;0;0.0000 s;0;0;0.0000 s;0;0;0.0000 s;2.4535 s;0.3975 s;1.5879 s;3.5813 s;0.7938 s
318;322;0.5834 s;318;322;0.0250 s;318;322;0.0130 s;318;322;0.0100 s;318;322;0.0100 s;318;322;0.0100 s;318;322;0.0100 s;0.0210 s;0.1551 s;0.0190 s;0.0769 s;0.0100 s
332;406;0.7347 s;332;406;0.0220 s;332;406;0.0150 s;333;406;0.0110 s;332;406;0.0120 s;332;406;0.0110 s;332;406;0.0120 s;0.0030 s;0.1980 s;0.0050 s;0.0170 s;0.0020 s
502;129;0.2430 s;502;129;0.0200 s;502;129;0.0040 s;502;129;0.0040 s;502;129;0.0040 s;502;129;0.0030 s;502;129;0.0030 s;0.0180 s;0.0610 s;0.6338 s;1.5883 s;0.3290 s
340;351;0.6502 s;340;351;0.0200 s;340;351;0.0150 s;340;351;0.0120 s;340;351;0.0120 s;340;351;0.0120 s;340;351;0.0120 s;0.0010 s;0.1685 s;0.0020 s;0.0080 s;0.0010 s
403;390;0.7169 s;403;390;0.0256 s;403;390;0.0150 s;403;390;0.0120 s;403;390;0.0120 s;403;390;0.0120 s;403;390;0.0120 s;0.0070 s;0.1910 s;0.0000 s;0.0000 s;0.0000 s
0;0;1.3745 s;0;0;0.0000 s;0;0;0.0000 s;0;0;0.0000 s;0;0;0.0000 s;0;0;0.0000 s;0;0;0.0000 s;2.4732 s;0.3947 s;1.5668 s;3.5416 s;0.8008 s
323;577;1.0550 s;323;577;0.0251 s;323;577;0.0079 s;323;577;0.0050 s;323;577;0.0050 s;323;577;0.0060 s;323;577;0.0060 s;0.0404 s;0.2995 s;0.3831 s;0.6481 s;0.1910 s
451;331;0.6322 s;451;331;0.0180 s;451;331;0.0130 s;451;331;0.0100 s;451;331;0.0101 s;451;331;0.0100 s;451;331;0.0100 s;0.0010 s;0.1571 s;0.0288 s;0.0905 s;0.0146 s
568;209;0.4009 s;568;209;0.0160 s;568;209;0.0050 s;568;209;0.0040 s;568;209;0.0040 s;568;209;0.0040 s;568;209;0.0037 s;0.0030 s;0.1001 s;0.3412 s;1.4525 s;0.1750 s
371;365;0.6722 s;371;365;0.0130 s;371;365;0.0170 s;371;365;0.0129 s;371;365;0.0130 s;371;365;0.0130 s;371;365;0.0130 s;0.0070 s;0.1738 s;0.0000 s;0.0000 s;0.0000 s
432;344;0.6429 s;432;344;0.0180 s;432;344;0.0150 s;432;344;0.0100 s;432;344;0.0110 s;432;344;0.0110 s;432;344;0.0110 s;0.0070 s;0.1686 s;0.0110 s;0.0330 s;0.0060 s
366;340;0.6199 s;366;340;0.0170 s;366;340;0.0160 s;366;340;0.0120 s;366;340;0.0120 s;366;340;0.0110 s;366;340;0.0110 s;0.0020 s;0.1640 s;0.0010 s;0.0020 s;0.0010 s
282;159;0.2840 s;282;159;0.0180 s;282;159;0.0060 s;282;159;0.0040 s;282;159;0.0050 s;282;159;0.0040 s;282;159;0.0050 s;0.0070 s;0.0760 s;0.4615 s;1.0584 s;0.2310 s
0;0;1.3870 s;0;0;0.0000 s;0;0;0.0000 s;0;0;0.0000 s;0;0;0.0000 s;0;0;0.0000 s;0;0;0.0000 s;2.4659 s;0.3955 s;1.5863 s;3.5211 s;0.7930 s
325;436;0.7899 s;325;436;0.0210 s;325;436;0.0150 s;325;436;0.0110 s;325;436;0.0110 s;325;436;0.0096 s;325;436;0.0100 s;0.0130 s;0.2185 s;0.0170 s;0.0740 s;0.0090 s
378;376;0.6776 s;378;376;0.0170 s;378;376;0.0170 s;378;376;0.0130 s;378;376;0.0142 s;378;376;0.0130 s;378;376;0.0127 s;0.0060 s;0.1810 s;0.0000 s;0.0000 s;0.0000 s
375;401;0.7218 s;375;401;0.0190 s;375;401;0.0160 s;375;401;0.0130 s;375;401;0.0120 s;375;401;0.0130 s;375;401;0.0120 s;0.0010 s;0.1949 s;0.0000 s;0.0000 s;0.0000 s
379;452;0.8180 s;379;452;0.0271 s;379;452;0.0130 s;379;452;0.0100 s;379;452;0.0110 s;379;452;0.0100 s;379;452;0.0100 s;0.0030 s;0.2270 s;0.0300 s;0.0320 s;0.0150 s
432;310;0.5672 s;432;310;0.0190 s;432;310;0.0130 s;432;310;0.0100 s;432;310;0.0091 s;432;310;0.0099 s;432;310;0.0100 s;0.0050 s;0.1490 s;0.0250 s;0.0958 s;0.0117 s
400;385;0.6991 s;400;385;0.0190 s;400;385;0.0150 s;400;385;0.0126 s;401;385;0.0140 s;401;385;0.0130 s;401;385;0.0140 s;0.0010 s;0.1890 s;0.0000 s;0.0000 s;0.0000 s
296;263;0.4724 s;296;263;0.0190 s;296;263;0.0100 s;296;263;0.0070 s;296;263;0.0080 s;296;263;0.0080 s;296;263;0.0090 s;0.0180 s;0.1293 s;0.0980 s;0.3350 s;0.0495 s
617;661;1.2036 s;617;661;0.0220 s;617;661;0.0010 s;617;661;0.0010 s;617;661;0.0010 s;617;661;0.0010 s;617;661;0.0020 s;0.0910 s;0.3432 s;0.8431 s;2.8651 s;0.4241 s
210;257;0.4473 s;210;257;0.0170 s;210;257;0.0070 s;210;257;0.0050 s;210;257;0.0060 s;210;257;0.0060 s;210;257;0.0060 s;0.0030 s;0.1250 s;0.2506 s;0.8589 s;0.1260 s
206;296;0.5190 s;206;296;0.0160 s;206;296;0.0080 s;206;296;0.0060 s;206;296;0.0060 s;206;296;0.0060 s;206;296;0.0060 s;0.0020 s;0.1450 s;0.2650 s;0.6501 s;0.1346 s
300;325;0.5766 s;300;325;0.0190 s;300;325;0.0125 s;300;325;0.0100 s;300;325;0.0100 s;300;325;0.0100 s;300;325;0.0090 s;0.0050 s;0.1590 s;0.0320 s;0.1090 s;0.0160 s
320;339;0.6054 s;320;339;0.0150 s;320;338;0.0140 s;320;339;0.0110 s;320;338;0.0110 s;320;338;0.0105 s;320;338;0.0100 s;0.0030 s;0.1666 s;0.0120 s;0.0431 s;0.0070 s
378;379;0.6860 s;378;379;0.0220 s;378;379;0.0170 s;378;379;0.0130 s;378;379;0.0140 s;378;379;0.0120 s;378;379;0.0130 s;0.0070 s;0.1880 s;0.0000 s;0.0000 s;0.0000 s
398;409;0.7402 s;398;409;0.0250 s;398;409;0.0150 s;398;409;0.0110 s;398;409;0.0120 s;398;409;0.0120 s;398;409;0.0120 s;0.0020 s;0.2025 s;0.0010 s;0.0030 s;0.0000 s
327;443;0.8267 s;327;443;0.0280 s;327;443;0.0130 s;327;443;0.0110 s;327;443;0.0100 s;327;443;0.0110 s;327;443;0.0100 s;0.0020 s;0.2198 s;0.0215 s;0.0807 s;0.0110 s
202;655;1.1692 s;202;655;0.0200 s;202;655;0.0030 s;202;655;0.0020 s;202;655;0.0020 s;202;655;0.0020 s;202;655;0.0020 s;0.0070 s;0.3410 s;0.8112 s;2.3487 s;0.4089 s
431;313;0.5727 s;431;313;0.0140 s;431;313;0.0130 s;431;313;0.0100 s;431;313;0.0100 s;431;313;0.0100 s;431;313;0.0105 s;0.0000 s;0.1507 s;0.0220 s;0.0860 s;0.0110 s
368;193;0.3487 s;368;193;0.0190 s;368;193;0.0080 s;368;193;0.0060 s;368;193;0.0070 s;368;193;0.0060 s;368;193;0.0065 s;0.0080 s;0.0930 s;0.3186 s;0.3485 s;0.1698 s
404;357;0.6551 s;404;357;0.0290 s;404;357;0.0160 s;404;357;0.0130 s;404;357;0.0120 s;404;357;0.0120 s;404;357;0.0120 s;0.0030 s;0.1743 s;0.0000 s;0.0010 s;0.0000 s
393;370;0.7355 s;393;370;0.0200 s;393;370;0.0160 s;393;370;0.0120 s;393;370;0.0120 s;393;370;0.0130 s;393;370;0.0130 s;0.0010 s;0.1823 s;0.0000 s;0.0000 s;0.0000 s
466;337;0.6223 s;466;337;0.0260 s;466;337;0.0120 s;466;337;0.0100 s;466;337;0.0090 s;466;337;0.0090 s;466;337;0.0090 s;0.0130 s;0.1651 s;0.0520 s;0.1110 s;0.0270 s
434;471;0.8574 s;434;471;0.0170 s;434;471;0.0120 s;434;471;0.0100 s;434;471;0.0090 s;434;471;0.0090 s;434;471;0.0090 s;0.0020 s;0.2476 s;0.0650 s;0.2005 s;0.0310 s
400;363;0.6627 s;400;363;0.0240 s;400;363;0.0160 s;400;363;0.0120 s;400;363;0.0120 s;400;363;0.0125 s;400;363;0.0131 s;0.0020 s;0.1816 s;0.0000 s;0.0000 s;0.0000 s
300;267;0.4828 s;300;267;0.0200 s;300;267;0.0110 s;300;267;0.0080 s;300;267;0.0090 s;300;267;0.0080 s;300;267;0.0090 s;0.0040 s;0.1310 s;0.0900 s;0.3009 s;0.0446 s
613;191;0.3785 s;613;191;0.0190 s;613;191;0.0040 s;614;191;0.0030 s;614;191;0.0030 s;613;191;0.0030 s;614;191;0.0020 s;0.0180 s;0.0920 s;0.5640 s;2.0546 s;0.2870 s
355;378;0.6813 s;355;378;0.0290 s;355;378;0.0158 s;355;378;0.0120 s;355;378;0.0130 s;355;378;0.0120 s;355;378;0.0130 s;0.0000 s;0.1844 s;0.0000 s;0.0000 s;0.0000 s
83;177;0.3141 s;83;177;0.0210 s;83;178;0.0010 s;83;178;0.0010 s;83;178;0.0020 s;83;177;0.0020 s;83;178;0.0020 s;0.0030 s;0.0870 s;0.9167 s;2.6236 s;0.4531 s
348;351;0.6456 s;348;351;0.0140 s;348;351;0.0150 s;348;351;0.0120 s;348;351;0.0120 s;348;351;0.0120 s;348;351;0.0110 s;0.0000 s;0.1735 s;0.0010 s;0.0030 s;0.0010 s
325;397;0.7095 s;325;397;0.0250 s;325;397;0.0150 s;325;397;0.0120 s;325;397;0.0110 s;325;397;0.0110 s;325;397;0.0112 s;0.0030 s;0.1949 s;0.0080 s;0.0146 s;0.0040 s
341;370;0.6639 s;341;370;0.0195 s;341;370;0.0155 s;341;370;0.0120 s;341;370;0.0120 s;341;370;0.0120 s;341;370;0.0120 s;0.0035 s;0.1801 s;0.0010 s;0.0010 s;0.0010 s
345;348;0.6256 s;345;348;0.0200 s;345;348;0.0170 s;345;348;0.0140 s;345;348;0.0110 s;345;348;0.0110 s;345;348;0.0110 s;0.0040 s;0.1960 s;0.0020 s;0.0070 s;0.0010 s
246;413;0.7287 s;246;413;0.0256 s;246;413;0.0100 s;246;413;0.0080 s;246;413;0.0080 s;246;413;0.0085 s;246;413;0.0080 s;0.0020 s;0.2040 s;0.1405 s;0.2285 s;0.0700 s
348;259;0.4645 s;348;259;0.0232 s;348;259;0.0110 s;348;259;0.0100 s;348;259;0.0090 s;348;259;0.0080 s;348;259;0.0088 s;0.0140 s;0.1252 s;0.1060 s;0.1600 s;0.0534 s
0;0;1.3939 s;0;0;0.0000 s;0;0;0.0000 s;0;0;0.0000 s;0;0;0.0000 s;0;0;0.0000 s;0;0;0.0000 s;2.4454 s;0.4019 s;1.6032 s;3.5270 s;0.8016 s
416;316;0.5761 s;416;316;0.0170 s;416;316;0.0140 s;416;316;0.0110 s;416;316;0.0110 s;416;316;0.0105 s;416;316;0.0110 s;0.0020 s;0.1525 s;0.0160 s;0.0503 s;0.0080 s
0;0;1.3553 s;0;0;0.0000 s;0;0;0.0000 s;0;0;0.0000 s;0;0;0.0000 s;0;0;0.0000 s;0;0;0.0000 s;2.4954 s;0.4140 s;1.5844 s;3.5313 s;0.8011 s
323;354;0.6334 s;323;354;0.0135 s;323;354;0.0150 s;323;354;0.0110 s;323;354;0.0110 s;323;354;0.0110 s;323;354;0.0110 s;0.0088 s;0.1714 s;0.0100 s;0.0200 s;0.0050 s
269;391;0.6918 s;269;391;0.0206 s;269;391;0.0110 s;269;391;0.0090 s;269;391;0.0090 s;269;391;0.0100 s;269;391;0.0100 s;0.0030 s;0.1920 s;0.0850 s;0.1026 s;0.0440 s
390;385;0.7350 s;390;385;0.0140 s;390;385;0.0170 s;390;385;0.0130 s;390;385;0.0130 s;390;385;0.0120 s;390;385;0.0130 s;0.0040 s;0.1870 s;0.0000 s;0.0000 s;0.0000 s
0;0;1.3546 s;0;0;0.0000 s;0;0;0.0000 s;0;0;0.0000 s;0;0;0.0000 s;0;0;0.0000 s;0;0;0.0000 s;2.4472 s;0.4023 s;1.6177 s;3.5266 s;0.8043 s
0;0;1.3722 s;0;0;0.0000 s;0;0;0.0000 s;0;0;0.0000 s;0;0;0.0000 s;0;0;0.0000 s;0;0;0.0000 s;2.4759 s;0.4001 s;1.5917 s;3.5270 s;0.8040 s
470;95;0.1780 s;470;95;0.0195 s;470;95;0.0040 s;470;95;0.0020 s;470;95;0.0030 s;470;95;0.0030 s;470;95;0.0030 s;0.0110 s;0.0450 s;0.8407 s;1.6261 s;0.4176 s
423;231;0.4231 s;423;231;0.0150 s;423;231;0.0100 s;423;231;0.0080 s;423;231;0.0080 s;423;231;0.0080 s;423;231;0.0070 s;0.0040 s;0.1130 s;0.1840 s;0.3231 s;0.0920 s
142;338;0.6080 s;142;338;0.0140 s;142;338;0.0060 s;142;338;0.0050 s;142;338;0.0050 s;142;338;0.0040 s;142;338;0.0050 s;0.0140 s;0.1662 s;0.5707 s;0.7763 s;0.2767 s
675;354;0.6676 s;675;354;0.0180 s;675;354;0.0030 s;675;354;0.0030 s;675;354;0.0020 s;675;354;0.0035 s;675;354;0.0030 s;0.0123 s;0.1760 s;0.9403 s;1.1216 s;0.4775 s
332;513;0.9299 s;332;513;0.0220 s;332;513;0.0100 s;332;513;0.0079 s;332;513;0.0080 s;332;513;0.0080 s;332;513;0.0080 s;0.0120 s;0.2596 s;0.1544 s;0.2826 s;0.0790 s
315;351;0.6261 s;315;351;0.0280 s;315;351;0.0140 s;315;351;0.0110 s;315;351;0.0115 s;315;351;0.0105 s;315;351;0.0100 s;0.0020 s;0.1710 s;0.0170 s;0.0320 s;0.0090 s
366;314;0.5762 s;366;314;0.0255 s;366;314;0.0150 s;366;314;0.0110 s;366;314;0.0110 s;366;314;0.0100 s;366;314;0.0100 s;0.0020 s;0.1960 s;0.0170 s;0.0190 s;0.0090 s
378;372;0.6751 s;378;372;0.0130 s;378;372;0.0170 s;378;372;0.0130 s;378;372;0.0130 s;378;372;0.0120 s;378;372;0.0130 s;0.0110 s;0.1814 s;0.0000 s;0.0000 s;0.0000 s
355;591;1.0791 s;355;591;0.0184 s;355;591;0.0066 s;355;591;0.0050 s;355;591;0.0050 s;355;591;0.0060 s;355;591;0.0060 s;0.0161 s;0.3037 s;0.4510 s;0.5462 s;0.2277 s
443;423;0.7881 s;443;423;0.0240 s;443;423;0.0130 s;443;423;0.0100 s;443;423;0.0106 s;443;423;0.0095 s;443;423;0.0100 s;0.0010 s;0.2101 s;0.0223 s;0.0766 s;0.0120 s
0;0;1.3581 s;0;0;0.0000 s;0;0;0.0000 s;0;0;0.0000 s;0;0;0.0000 s;0;0;0.0000 s;0;0;0.0000 s;2.4804 s;0.4002 s;1.6027 s;3.5491 s;0.8058 s
381;473;0.8632 s;381;473;0.0240 s;381;473;0.0130 s;381;473;0.0100 s;381;473;0.0100 s;381;473;0.0090 s;381;473;0.0095 s;0.0110 s;0.2351 s;0.0606 s;0.0675 s;0.0320 s
307;468;0.8361 s;307;468;0.0200 s;307;468;0.0120 s;307;468;0.0080 s;307;468;0.0090 s;307;468;0.0090 s;307;468;0.0090 s;0.0030 s;0.2322 s;0.0549 s;0.2050 s;0.0280 s
390;369;0.6691 s;390;369;0.0240 s;390;369;0.0180 s;390;369;0.0130 s;390;368;0.0131 s;390;368;0.0120 s;390;368;0.0120 s;0.0040 s;0.1851 s;0.0000 s;0.0000 s;0.0000 s
64;450;0.7828 s;64;450;0.0155 s;64;450;0.0030 s;64;450;0.0020 s;64;450;0.0020 s;64;450;0.0020 s;64;450;0.0020 s;0.0000 s;0.2270 s;1.0465 s;1.7453 s;0.5220 s
330;224;0.4040 s;330;224;0.0170 s;330;224;0.0090 s;330;224;0.0070 s;330;224;0.0070 s;330;224;0.0070 s;330;224;0.0080 s;0.0080 s;0.1090 s;0.2060 s;0.3600 s;0.1020 s
405;261;0.4767 s;405;261;0.0230 s;405;261;0.0110 s;405;261;0.0080 s;405;261;0.0090 s;405;261;0.0100 s;405;261;0.0100 s;0.0020 s;0.1285 s;0.1034 s;0.1626 s;0.0540 s
302;481;0.8662 s;302;481;0.0220 s;302;481;0.0110 s;302;481;0.0080 s;302;481;0.0090 s;302;481;0.0090 s;302;481;0.0080 s;0.0050 s;0.2412 s;0.0760 s;0.2750 s;0.0401 s
465;270;0.4967 s;465;270;0.0230 s;465;270;0.0110 s;465;270;0.0080 s;465;270;0.0080 s;465;270;0.0080 s;465;270;0.0090 s;0.0020 s;0.1315 s;0.0827 s;0.3380 s;0.0440 s
324;369;0.6582 s;324;369;0.0120 s;324;369;0.0150 s;324;369;0.0120 s;324;369;0.0115 s;324;369;0.0120 s;324;369;0.0110 s;0.0010 s;0.1791 s;0.0094 s;0.0090 s;0.0050 s
432;544;1.0052 s;432;544;0.0270 s;432;544;0.0090 s;432;544;0.0060 s;432;544;0.0060 s;432;544;0.0060 s;432;544;0.0070 s;0.0020 s;0.2784 s;0.2505 s;0.4668 s;0.1269 s
393;339;0.6169 s;393;339;0.0150 s;393;339;0.0150 s;393;339;0.0120 s;393;339;0.0120 s;393;339;0.0120 s;393;339;0.0116 s;0.0010 s;0.1643 s;0.0010 s;0.0040 s;0.0010 s
369;407;0.7321 s;369;407;0.0230 s;369;407;0.0160 s;369;407;0.0120 s;369;407;0.0120 s;369;407;0.0120 s;369;407;0.0130 s;0.0040 s;0.2020 s;0.0000 s;0.0000 s;0.0000 s
613;732;1.3382 s;613;732;0.0185 s;0;0;0.0000 s;0;0;0.0000 s;0;0;0.0000 s;0;0;0.0000 s;0;0;0.0000 s;2.1592 s;0.3870 s;1.4087 s;3.2496 s;0.7153 s
304;50;0.0900 s;304;50;0.0170 s;304;50;0.0020 s;304;50;0.0010 s;304;50;0.0020 s;304;50;0.0020 s;304;50;0.0020 s;0.0120 s;0.0230 s;1.1513 s;1.8320 s;0.5943 s
538;393;0.7298 s;538;393;0.0120 s;538;393;0.0100 s;538;393;0.0070 s;538;393;0.0090 s;538;393;0.0070 s;538;393;0.0080 s;0.0050 s;0.1960 s;0.2326 s;0.2773 s;0.1170 s
589;205;0.3859 s;589;205;0.0220 s;589;205;0.0040 s;589;205;0.0030 s;589;205;0.0040 s;589;205;0.0030 s;589;205;0.0030 s;0.0155 s;0.1006 s;0.4390 s;1.6894 s;0.2350 s
549;549;1.0055 s;549;549;0.0180 s;549;549;0.0050 s;549;549;0.0050 s;549;549;0.0050 s;549;549;0.0040 s;549;549;0.0040 s;0.0020 s;0.2788 s;0.3010 s;1.3143 s;0.1508 s
280;188;0.3351 s;280;188;0.0230 s;280;188;0.0070 s;280;188;0.0060 s;280;188;0.0060 s;280;188;0.0060 s;280;188;0.0060 s;0.0060 s;0.0920 s;0.3329 s;0.8697 s;0.1673 s
511;373;0.6947 s;511;373;0.0250 s;511;373;0.0100 s;511;373;0.0090 s;511;373;0.0080 s;511;373;0.0080 s;511;373;0.0090 s;0.0010 s;0.1823 s;0.1480 s;0.1580 s;0.0760 s
400;200;0.3636 s;400;200;0.0220 s;400;200;0.0080 s;400;200;0.0069 s;400;200;0.0060 s;400;200;0.0070 s;400;200;0.0066 s;0.0010 s;0.0961 s;0.2901 s;0.3577 s;0.1460 s
390;532;0.9586 s;390;532;0.0235 s;390;532;0.0100 s;390;532;0.0080 s;390;532;0.0080 s;390;532;0.0080 s;390;532;0.0080 s;0.0010 s;0.2775 s;0.2513 s;0.2371 s;0.1086 s
374;387;0.7012 s;374;387;0.0250 s;374;387;0.0170 s;374;387;0.0130 s;374;387;0.0130 s;374;387;0.0130 s;374;387;0.0120 s;0.0070 s;0.1880 s;0.0000 s;0.0000 s;0.0000 s
163;495;0.9076 s;163;495;0.0170 s;163;495;0.0060 s;163;495;0.0040 s;163;495;0.0040 s;163;495;0.0050 s;163;495;0.0050 s;0.0040 s;0.2492 s;0.4514 s;1.2358 s;0.2255 s
338;381;0.6798 s;338;381;0.0160 s;338;381;0.0150 s;338;381;0.0120 s;338;381;0.0111 s;338;381;0.0120 s;338;381;0.0110 s;0.0030 s;0.1872 s;0.0030 s;0.0020 s;0.0020 s
0;0;1.3719 s;0;0;0.0000 s;0;0;0.0000 s;0;0;0.0000 s;0;0;0.0000 s;0;0;0.0000 s;0;0;0.0000 s;2.4383 s;0.3972 s;1.6260 s;3.5379 s;0.8025 s
0;0;1.3563 s;0;0;0.0000 s;0;0;0.0000 s;0;0;0.0000 s;0;0;0.0000 s;0;0;0.0000 s;0;0;0.0000 s;2.4639 s;0.4015 s;1.5933 s;3.5413 s;0.7998 s
571;518;0.9787 s;571;518;0.0250 s;571;518;0.0060 s;570;518;0.0040 s;571;518;0.0050 s;571;518;0.0050 s;571;518;0.0040 s;0.0040 s;0.2670 s;0.3640 s;1.2438 s;0.1816 s
397;262;0.4811 s;397;262;0.0150 s;397;262;0.0120 s;397;262;0.0090 s;397;262;0.0090 s;397;262;0.0093 s;397;262;0.0090 s;0.0160 s;0.1310 s;0.1003 s;0.1283 s;0.0505 s
143;111;0.1900 s;143;111;0.0180 s;143;111;0.0020 s;143;111;0.0010 s;143;111;0.0010 s;143;111;0.0010 s;143;111;0.0020 s;0.0990 s;0.0530 s;0.7424 s;2.6903 s;0.3650 s
517;439;0.8102 s;517;439;0.0130 s;517;439;0.0105 s;517;439;0.0070 s;517;439;0.0070 s;517;439;0.0070 s;517;439;0.0080 s;0.0150 s;0.2196 s;0.1680 s;0.3714 s;0.0836 s
214;674;1.2068 s;214;674;0.0170 s;214;674;0.0020 s;214;674;0.0021 s;214;674;0.0020 s;214;674;0.0020 s;214;674;0.0020 s;0.0450 s;0.3503 s;0.9282 s;2.3894 s;0.4750 s
394;338;0.6271 s;394;338;0.0260 s;394;338;0.0155 s;394;338;0.0120 s;394;338;0.0110 s;394;338;0.0110 s;394;338;0.0120 s;0.0140 s;0.1636 s;0.0020 s;0.0050 s;0.0010 s
303;387;0.6882 s;303;387;0.0280 s;303;387;0.0130 s;303;387;0.0100 s;303;387;0.0103 s;303;387;0.0100 s;303;387;0.0100 s;0.0080 s;0.1900 s;0.0304 s;0.0331 s;0.0150 s
435;388;0.7098 s;435;388;0.0170 s;435;388;0.0135 s;435;388;0.0110 s;435;388;0.0110 s;435;388;0.0110 s;435;388;0.0110 s;0.0050 s;0.1900 s;0.0130 s;0.0140 s;0.0070 s
369;350;0.6333 s;369;350;0.0140 s;369;350;0.0150 s;369;350;0.0120 s;369;350;0.0120 s;369;350;0.0120 s;369;350;0.0120 s;0.0010 s;0.1699 s;0.0000 s;0.0000 s;0.0000 s
62;330;0.5671 s;62;330;0.0210 s;62;330;0.0030 s;62;330;0.0020 s;62;330;0.0020 s;62;330;0.0020 s;62;330;0.0020 s;0.0356 s;0.1644 s;1.0912 s;1.4701 s;0.5337 s
0;0;1.3558 s;0;0;0.0000 s;0;0;0.0000 s;0;0;0.0000 s;0;0;0.0000 s;0;0;0.0000 s;0;0;0.0000 s;2.4719 s;0.4005 s;1.5821 s;3.5298 s;0.7970 s
424;176;0.3211 s;424;176;0.0160 s;424;176;0.0070 s;424;176;0.0060 s;424;176;0.0060 s;424;176;0.0060 s;424;176;0.0060 s;0.0190 s;0.0840 s;0.3840 s;0.6101 s;0.1930 s
625;142;0.2711 s;625;142;0.0200 s;625;142;0.0020 s;625;142;0.0010 s;625;142;0.0020 s;625;142;0.0020 s;625;142;0.0010 s;0.0290 s;0.0687 s;0.6402 s;2.5968 s;0.3230 s
354;368;0.6750 s;354;368;0.0280 s;354;368;0.0170 s;354;368;0.0130 s;354;368;0.0120 s;354;368;0.0140 s;354;368;0.0130 s;0.0050 s;0.1929 s;0.0000 s;0.0000 s;0.0000 s
352;374;0.7720 s;352;374;0.0200 s;352;374;0.0180 s;352;374;0.0140 s;352;374;0.0130 s;352;374;0.0136 s;352;374;0.0130 s;0.0000 s;0.1950 s;0.0000 s;0.0000 s;0.0000 s
348;451;0.8382 s;348;451;0.0230 s;348;451;0.0130 s;348;451;0.0110 s;348;451;0.0100 s;348;451;0.0100 s;348;451;0.0110 s;0.0220 s;0.2349 s;0.0300 s;0.0580 s;0.0150 s
431;319;0.6138 s;431;319;0.0280 s;431;319;0.0165 s;431;319;0.0110 s;431;319;0.0100 s;431;319;0.0100 s;431;319;0.0110 s;0.0130 s;0.1718 s;0.0190 s;0.0740 s;0.0100 s
509;531;1.0087 s;509;531;0.0230 s;509;531;0.0080 s;509;531;0.0060 s;509;531;0.0060 s;509;531;0.0060 s;509;531;0.0060 s;0.0100 s;0.2719 s;0.2108 s;0.8706 s;0.1061 s
502;320;0.5957 s;502;320;0.0176 s;502;320;0.0110 s;502;320;0.0080 s;502;320;0.0090 s;502;320;0.0080 s;502;320;0.0080 s;0.0030 s;0.1586 s;0.1230 s;0.2860 s;0.0640 s
371;288;0.5256 s;371;288;0.0150 s;371;288;0.0130 s;371;288;0.0100 s;371;288;0.0100 s;371;288;0.0100 s;371;288;0.0100 s;0.0100 s;0.1390 s;0.0500 s;0.0524 s;0.0250 s
467;689;1.2420 s;467;689;0.0210 s;467;689;0.0030 s;467;689;0.0020 s;467;689;0.0020 s;467;689;0.0020 s;467;689;0.0020 s;0.0106 s;0.3637 s;1.0462 s;1.8865 s;0.5208 s
371;421;0.7685 s;371;421;0.0190 s;371;421;0.0160 s;371;421;0.0110 s;371;421;0.0110 s;371;421;0.0110 s;371;421;0.0120 s;0.0030 s;0.2100 s;0.0050 s;0.0050 s;0.0030 s
337;390;0.7018 s;337;390;0.0265 s;337;390;0.0158 s;337;390;0.0120 s;337;390;0.0120 s;337;390;0.0120 s;337;390;0.0120 s;0.0030 s;0.1918 s;0.0020 s;0.0040 s;0.0010 s
248;338;0.5962 s;248;338;0.0250 s;248;338;0.0110 s;248;338;0.0090 s;248;338;0.0080 s;248;338;0.0080 s;248;338;0.0080 s;0.0140 s;0.1640 s;0.1325 s;0.2285 s;0.0680 s
559;509;0.9296 s;559;509;0.0240 s;559;509;0.0059 s;559;509;0.0050 s;559;509;0.0050 s;559;509;0.0060 s;559;509;0.0050 s;0.0010 s;0.2714 s;0.3080 s;1.0698 s;0.1560 s
0;0;1.3564 s;0;0;0.0000 s;0;0;0.0000 s;0;0;0.0000 s;0;0;0.0000 s;0;0;0.0000 s;0;0;0.0000 s;2.4571 s;0.4017 s;1.5963 s;3.5232 s;0.7961 s
606;407;0.7582 s;606;407;0.0210 s;606;407;0.0060 s;606;407;0.0050 s;606;407;0.0050 s;606;407;0.0050 s;606;407;0.0050 s;0.0020 s;0.2013 s;0.5209 s;0.6840 s;0.2621 s
0;0;1.3574 s;0;0;0.0000 s;0;0;0.0000 s;0;0;0.0000 s;0;0;0.0000 s;0;0;0.0000 s;0;0;0.0000 s;2.4445 s;0.4006 s;1.5927 s;3.5497 s;0.8036 s
455;165;0.3040 s;455;165;0.0170 s;455;165;0.0070 s;455;165;0.0050 s;455;165;0.0050 s;455;165;0.0050 s;455;165;0.0050 s;0.0030 s;0.0800 s;0.4361 s;0.8850 s;0.2193 s
343;305;0.5476 s;343;305;0.0180 s;343;305;0.0130 s;343;305;0.0100 s;343;305;0.0100 s;343;305;0.0110 s;343;305;0.0100 s;0.0020 s;0.1480 s;0.0270 s;0.0620 s;0.0130 s
426;380;0.6919 s;426;380;0.0251 s;426;380;0.0150 s;426;380;0.0110 s;426;380;0.0120 s;426;380;0.0110 s;426;380;0.0110 s;0.0072 s;0.1848 s;0.0070 s;0.0060 s;0.0040 s
669;90;0.1710 s;669;90;0.0200 s;669;90;0.0010 s;669;90;0.0000 s;669;90;0.0000 s;668;90;0.0000 s;669;90;0.0010 s;0.2280 s;0.0451 s;0.9300 s;3.1641 s;0.4708 s
68;187;0.3182 s;68;187;0.0180 s;68;187;0.0010 s;68;187;0.0010 s;68;187;0.0020 s;68;187;0.0010 s;68;187;0.0020 s;0.1230 s;0.0920 s;1.0100 s;2.6726 s;0.5056 s
0;0;1.3517 s;0;0;0.0000 s;0;0;0.0000 s;0;0;0.0000 s;0;0;0.0000 s;0;0;0.0000 s;0;0;0.0000 s;2.4271 s;0.3986 s;1.5874 s;3.5119 s;0.8052 s
391;467;0.8420 s;391;467;0.0140 s;391;467;0.0130 s;391;467;0.0090 s;391;467;0.0100 s;391;467;0.0110 s;391;467;0.0100 s;0.0169 s;0.2330 s;0.0520 s;0.0620 s;0.0260 s
393;259;0.4689 s;393;259;0.0170 s;393;259;0.0110 s;393;259;0.0090 s;393;259;0.0090 s;393;259;0.0080 s;393;259;0.0090 s;0.0070 s;0.1264 s;0.1060 s;0.1276 s;0.0535 s
463;181;0.3323 s;463;181;0.0240 s;463;181;0.0070 s;463;181;0.0060 s;463;181;0.0060 s;463;181;0.0050 s;463;181;0.0050 s;0.0040 s;0.0870 s;0.3677 s;0.8305 s;0.1854 s
369;358;0.6467 s;369;358;0.0280 s;369;358;0.0160 s;369;358;0.0120 s;369;358;0.0130 s;369;358;0.0120 s;369;358;0.0130 s;0.0100 s;0.1735 s;0.0000 s;0.0000 s;0.0000 s
394;426;0.7690 s;394;426;0.0240 s;394;426;0.0140 s;394;426;0.0110 s;394;426;0.0110 s;394;426;0.0120 s;394;426;0.0110 s;0.0170 s;0.2110 s;0.0070 s;0.0105 s;0.0030 s
442;334;0.6105 s;442;334;0.0186 s;442;334;0.0130 s;442;334;0.0100 s;442;334;0.0110 s;442;334;0.0100 s;442;334;0.0110 s;0.0030 s;0.1636 s;0.0190 s;0.0650 s;0.0100 s
321;200;0.3568 s;321;200;0.0190 s;321;200;0.0080 s;321;200;0.0060 s;321;200;0.0062 s;321;200;0.0070 s;321;200;0.0060 s;0.0105 s;0.0975 s;0.3005 s;0.5258 s;0.1487 s
383;386;0.6967 s;383;386;0.0200 s;383;386;0.0170 s;383;386;0.0130 s;383;386;0.0120 s;383;386;0.0130 s;383;386;0.0130 s;0.0070 s;0.1876 s;0.0000 s;0.0000 s;0.0000 s
368;371;0.6695 s;368;371;0.0220 s;368;371;0.0160 s;368;371;0.0130 s;368;371;0.0120 s;368;371;0.0130 s;368;371;0.0130 s;0.0010 s;0.1820 s;0.0000 s;0.0000 s;0.0000 s
345;415;0.7463 s;345;415;0.0280 s;345;415;0.0145 s;345;415;0.0110 s;345;415;0.0110 s;345;415;0.0120 s;345;415;0.0110 s;0.0040 s;0.2050 s;0.0040 s;0.0130 s;0.0020 s
232;701;1.2535 s;232;701;0.0200 s;232;701;0.0010 s;232;701;0.0010 s;232;701;0.0010 s;232;701;0.0010 s;232;701;0.0020 s;0.0020 s;0.3721 s;1.1481 s;2.5433 s;0.5860 s
293;475;0.8641 s;293;475;0.0250 s;293;475;0.0110 s;293;475;0.0087 s;293;475;0.0100 s;293;475;0.0090 s;293;475;0.0080 s;0.0180 s;0.2481 s;0.0752 s;0.2878 s;0.0350 s
385;304;0.5532 s;385;304;0.0160 s;385;304;0.0130 s;385;304;0.0110 s;385;304;0.0100 s;385;304;0.0100 s;385;304;0.0102 s;0.0060 s;0.1480 s;0.0290 s;0.0320 s;0.0150 s
229;254;0.4447 s;229;254;0.0220 s;229;254;0.0070 s;229;254;0.0060 s;229;254;0.0060 s;229;254;0.0060 s;229;254;0.0070 s;0.0000 s;0.1240 s;0.1875 s;0.7534 s;0.0950 s
382;392;0.7109 s;382;392;0.0140 s;382;392;0.0160 s;382;392;0.0130 s;382;392;0.0120 s;382;392;0.0130 s;382;392;0.0120 s;0.0020 s;0.1925 s;0.0000 s;0.0000 s;0.0000 s
362;318;0.5903 s;362;318;0.0140 s;362;318;0.0140 s;362;318;0.0110 s;362;318;0.0110 s;362;318;0.0110 s;362;318;0.0110 s;0.0040 s;0.1541 s;0.0140 s;0.0180 s;0.0070 s
380;386;0.6994 s;380;386;0.0170 s;380;386;0.0160 s;380;386;0.0130 s;380;386;0.0140 s;380;386;0.0120 s;380;386;0.0130 s;0.0030 s;0.1884 s;0.0000 s;0.0000 s;0.0000 s
350;288;0.5177 s;350;288;0.0150 s;350;288;0.0130 s;350;288;0.0090 s;350;288;0.0100 s;350;288;0.0090 s;350;288;0.0100 s;0.0085 s;0.1420 s;0.0496 s;0.0790 s;0.0250 s
248;452;0.8002 s;248;452;0.0220 s;248;452;0.0100 s;248;452;0.0086 s;248;452;0.0070 s;248;452;0.0080 s;248;452;0.0080 s;0.0010 s;0.2260 s;0.1340 s;0.3763 s;0.0661 s
310;451;0.8082 s;310;451;0.0140 s;310;451;0.0140 s;310;451;0.0090 s;310;451;0.0090 s;310;451;0.0090 s;310;451;0.0090 s;0.0040 s;0.2280 s;0.0350 s;0.1463 s;0.0180 s
329;435;0.7809 s;329;435;0.0240 s;329;435;0.0140 s;329;435;0.0109 s;329;435;0.0110 s;329;435;0.0100 s;329;435;0.0100 s;0.0070 s;0.2158 s;0.0160 s;0.0631 s;0.0090 s
222;199;0.3485 s;222;199;0.0150 s;222;198;0.0060 s;222;199;0.0050 s;222;198;0.0050 s;222;198;0.0050 s;222;198;0.0040 s;0.0236 s;0.0960 s;0.2950 s;1.2110 s;0.1485 s
321;434;0.7740 s;321;434;0.0230 s;321;434;0.0140 s;321;434;0.0100 s;321;434;0.0100 s;321;434;0.0100 s;321;434;0.0110 s;0.0020 s;0.2160 s;0.0190 s;0.0760 s;0.0090 s
382;438;0.8330 s;382;438;0.0220 s;382;438;0.0140 s;382;438;0.0112 s;382;438;0.0110 s;382;438;0.0110 s;382;438;0.0110 s;0.0100 s;0.2183 s;0.0146 s;0.0170 s;0.0080 s
751;402;0.7608 s;751;403;0.0120 s;751;402;0.0010 s;751;402;0.0000 s;751;402;0.0000 s;751;402;0.0010 s;751;402;0.0010 s;0.1140 s;0.2070 s;1.5515 s;1.8697 s;0.7818 s
421;424;0.7749 s;421;424;0.0170 s;421;424;0.0140 s;421;424;0.0110 s;421;424;0.0100 s;421;424;0.0110 s;421;424;0.0102 s;0.0050 s;0.2092 s;0.0100 s;0.0380 s;0.0060 s
443;483;0.8797 s;443;483;0.0210 s;443;483;0.0110 s;443;483;0.0090 s;443;483;0.0090 s;443;483;0.0090 s;443;483;0.0083 s;0.0090 s;0.2439 s;0.0830 s;0.2521 s;0.0420 s
402;531;0.9696 s;402;531;0.0242 s;402;531;0.0090 s;402;531;0.0081 s;402;531;0.0079 s;402;531;0.0070 s;402;531;0.0070 s;0.0270 s;0.2684 s;0.2101 s;0.2762 s;0.1060 s
431;354;0.6452 s;431;354;0.0260 s;431;354;0.0140 s;431;354;0.0110 s;431;354;0.0110 s;431;354;0.0110 s;431;354;0.0100 s;0.0010 s;0.1700 s;0.0100 s;0.0200 s;0.0060 s
390;330;0.5979 s;390;330;0.0150 s;390;330;0.0140 s;390;330;0.0120 s;390;330;0.0120 s;390;330;0.0110 s;390;330;0.0110 s;0.0050 s;0.1611 s;0.0059 s;0.0070 s;0.0030 s
297;420;0.7471 s;297;420;0.0140 s;297;420;0.0130 s;297;420;0.0100 s;297;420;0.0100 s;297;420;0.0100 s;297;420;0.0100 s;0.0280 s;0.2070 s;0.0375 s;0.0975 s;0.0180 s
360;368;0.6651 s;360;368;0.0210 s;360;368;0.0160 s;360;368;0.0130 s;360;368;0.0122 s;360;368;0.0120 s;360;368;0.0130 s;0.0250 s;0.1790 s;0.0000 s;0.0000 s;0.0000 s
342;385;0.7009 s;342;385;0.0170 s;342;385;0.0150 s;342;385;0.0120 s;342;385;0.0120 s;342;385;0.0120 s;342;385;0.0120 s;0.0030 s;0.1871 s;0.0010 s;0.0010 s;0.0000 s
485;304;0.5611 s;485;304;0.0280 s;485;304;0.0110 s;485;304;0.0080 s;485;304;0.0080 s;485;304;0.0080 s;485;304;0.0090 s;0.0130 s;0.1470 s;0.0860 s;0.2798 s;0.0440 s
430;523;0.9469 s;430;523;0.0210 s;430;523;0.0090 s;430;523;0.0070 s;430;523;0.0080 s;430;523;0.0076 s;430;523;0.0070 s;0.0040 s;0.2662 s;0.1823 s;0.3577 s;0.0931 s
400;371;0.6725 s;400;371;0.0200 s;400;371;0.0160 s;400;371;0.0120 s;400;371;0.0130 s;400;371;0.0130 s;400;371;0.0120 s;0.0010 s;0.1914 s;0.0000 s;0.0000 s;0.0000 s
363;437;0.7992 s;363;437;0.0140 s;363;437;0.0147 s;363;437;0.0110 s;363;437;0.0110 s;363;437;0.0110 s;363;437;0.0110 s;0.0066 s;0.2165 s;0.0160 s;0.0200 s;0.0080 s
425;380;0.6940 s;425;380;0.0250 s;425;380;0.0150 s;425;380;0.0110 s;425;380;0.0110 s;425;380;0.0116 s;425;380;0.0111 s;0.0020 s;0.1853 s;0.0060 s;0.0060 s;0.0030 s
506;406;0.7480 s;506;406;0.0250 s;506;406;0.0110 s;506;406;0.0080 s;506;406;0.0080 s;506;406;0.0090 s;506;406;0.0080 s;0.0080 s;0.2000 s;0.1361 s;0.1951 s;0.0690 s
359;350;0.6293 s;359;350;0.0160 s;359;350;0.0150 s;359;350;0.0130 s;359;350;0.0120 s;359;350;0.0120 s;359;350;0.0120 s;0.0050 s;0.1702 s;0.0000 s;0.0000 s;0.0000 s
662;378;0.7129 s;662;378;0.0140 s;662;378;0.0050 s;662;378;0.0030 s;662;378;0.0031 s;662;378;0.0030 s;662;378;0.0030 s;0.0270 s;0.1881 s;0.8553 s;0.9336 s;0.4316 s
269;373;0.6591 s;269;373;0.0180 s;269;373;0.0120 s;269;373;0.0090 s;268;373;0.0090 s;268;373;0.0090 s;268;373;0.0100 s;0.0010 s;0.1811 s;0.0878 s;0.0900 s;0.0430 s
309;411;0.7312 s;309;411;0.0160 s;309;411;0.0140 s;309;411;0.0100 s;309;411;0.0100 s;309;411;0.0110 s;309;411;0.0100 s;0.0010 s;0.2021 s;0.0225 s;0.0555 s;0.0110 s
334;386;0.6935 s;334;386;0.0200 s;334;386;0.0170 s;334;386;0.0110 s;334;386;0.0110 s;334;386;0.0120 s;334;386;0.0110 s;0.0000 s;0.1961 s;0.0040 s;0.0040 s;0.0020 s
319;375;0.6691 s;319;375;0.0110 s;319;375;0.0140 s;319;375;0.0100 s;319;375;0.0110 s;319;375;0.0120 s;319;375;0.0100 s;0.0100 s;0.1840 s;0.0140 s;0.0120 s;0.0070 s
506;396;0.7309 s;506;396;0.0280 s;506;396;0.0110 s;506;396;0.0080 s;506;396;0.0090 s;506;396;0.0081 s;506;396;0.0090 s;0.0060 s;0.1950 s;0.1345 s;0.1665 s;0.0690 s
409;644;1.1620 s;409;644;0.0190 s;409;644;0.0050 s;409;644;0.0040 s;409;644;0.0040 s;409;644;0.0039 s;409;644;0.0030 s;0.0100 s;0.3352 s;0.7413 s;0.9661 s;0.3740 s
371;378;0.6906 s;371;378;0.0260 s;371;378;0.0200 s;371;378;0.0130 s;371;378;0.0130 s;371;378;0.0130 s;371;378;0.0130 s;0.0040 s;0.1900 s;0.0000 s;0.0000 s;0.0000 s
250;537;0.9564 s;250;537;0.0260 s;250;537;0.0070 s;250;537;0.0060 s;250;537;0.0060 s;250;537;0.0059 s;250;537;0.0050 s;0.0050 s;0.2725 s;0.2278 s;0.8669 s;0.1150 s
480;268;0.4963 s;480;268;0.0241 s;480;268;0.0100 s;480;268;0.0080 s;480;268;0.0073 s;480;268;0.0080 s;480;268;0.0070 s;0.0070 s;0.1300 s;0.0969 s;0.4127 s;0.0490 s
387;369;0.6695 s;387;369;0.0230 s;387;369;0.0170 s;387;369;0.0130 s;387;369;0.0120 s;387;369;0.0130 s;387;369;0.0130 s;0.0030 s;0.1790 s;0.0000 s;0.0000 s;0.0000 s
686;273;0.5172 s;686;273;0.0190 s;686;273;0.0030 s;686;273;0.0030 s;686;273;0.0020 s;686;273;0.0030 s;686;273;0.0020 s;0.0030 s;0.1351 s;1.0223 s;1.9901 s;0.5098 s
358;370;0.6691 s;358;370;0.0120 s;358;370;0.0165 s;358;370;0.0120 s;358;370;0.0120 s;358;370;0.0130 s;358;370;0.0120 s;0.0010 s;0.1796 s;0.0000 s;0.0000 s;0.0000 s
396;232;0.4200 s;396;232;0.0240 s;396;232;0.0100 s;396;232;0.0080 s;396;232;0.0080 s;396;232;0.0070 s;396;232;0.0070 s;0.0080 s;0.1113 s;0.1780 s;0.2168 s;0.0907 s
313;361;0.6611 s;313;361;0.0297 s;313;361;0.0141 s;313;361;0.0120 s;313;361;0.0110 s;313;361;0.0110 s;313;361;0.0100 s;0.0047 s;0.1751 s;0.0170 s;0.0230 s;0.0090 s
0;0;1.3590 s;0;0;0.0000 s;0;0;0.0000 s;0;0;0.0000 s;0;0;0.0000 s;0;0;0.0000 s;0;0;0.0000 s;2.4350 s;0.3995 s;1.5902 s;3.5215 s;0.7984 s
356;339;0.6139 s;356;339;0.0160 s;356;339;0.0150 s;356;339;0.0120 s;356;339;0.0120 s;356;339;0.0110 s;356;339;0.0110 s;0.0040 s;0.1700 s;0.0020 s;0.0060 s;0.0010 s
427;319;0.5831 s;427;319;0.0210 s;427;319;0.0130 s;427;319;0.0110 s;427;319;0.0100 s;427;319;0.0100 s;427;319;0.0110 s;0.0010 s;0.1550 s;0.0170 s;0.0660 s;0.0090 s
457;356;0.6512 s;457;356;0.0210 s;457;356;0.0126 s;457;356;0.0100 s;457;356;0.0100 s;457;356;0.0100 s;457;356;0.0110 s;0.0040 s;0.1749 s;0.0370 s;0.0540 s;0.0194 s
702;511;0.9471 s;702;511;0.0200 s;702;511;0.0020 s;702;511;0.0010 s;702;511;0.0020 s;702;511;0.0020 s;702;511;0.0020 s;0.0070 s;0.2630 s;1.1510 s;2.3945 s;0.5731 s
385;207;0.3756 s;385;207;0.0150 s;385;207;0.0090 s;385;207;0.0070 s;385;207;0.0070 s;385;207;0.0060 s;385;207;0.0070 s;0.0040 s;0.0990 s;0.2630 s;0.2880 s;0.1325 s
428;398;0.7320 s;428;398;0.0220 s;428;398;0.0150 s;428;398;0.0110 s;428;398;0.0110 s;428;398;0.0110 s;428;398;0.0110 s;0.0130 s;0.1950 s;0.0080 s;0.0170 s;0.0040 s
323;312;0.5584 s;323;312;0.0170 s;323;312;0.0130 s;323;312;0.0100 s;323;312;0.0100 s;323;312;0.0100 s;323;312;0.0100 s;0.0060 s;0.1533 s;0.0220 s;0.0854 s;0.0110 s
338;538;0.9683 s;338;538;0.0220 s;338;538;0.0100 s;338;538;0.0070 s;338;538;0.0070 s;338;538;0.0070 s;338;538;0.0070 s;0.0100 s;0.2729 s;0.2310 s;0.3640 s;0.1170 s
439;296;0.5410 s;439;296;0.0160 s;439;296;0.0120 s;439;296;0.0090 s;439;296;0.0100 s;439;296;0.0090 s;439;296;0.0090 s;0.0110 s;0.1440 s;0.0390 s;0.1493 s;0.0208 s
342;331;0.5949 s;342;331;0.0220 s;342;331;0.0140 s;342;331;0.0110 s;342;331;0.0100 s;342;331;0.0100 s;342;331;0.0110 s;0.0020 s;0.1622 s;0.0070 s;0.0250 s;0.0040 s
667;454;0.8518 s;667;454;0.0160 s;667;454;0.0040 s;667;455;0.0030 s;667;455;0.0030 s;667;455;0.0030 s;667;454;0.0030 s;0.0230 s;0.2299 s;0.8898 s;1.5316 s;0.4468 s
360;398;0.7239 s;360;398;0.0250 s;360;398;0.0160 s;360;398;0.0115 s;360;398;0.0127 s;360;398;0.0115 s;360;398;0.0126 s;0.0010 s;0.1960 s;0.0000 s;0.0000 s;0.0000 s
364;410;0.7369 s;364;410;0.0180 s;364;410;0.0160 s;364;410;0.0120 s;364;410;0.0110 s;364;410;0.0110 s;364;410;0.0110 s;0.0010 s;0.2031 s;0.0010 s;0.0020 s;0.0010 s
396;354;0.6403 s;396;354;0.0160 s;396;354;0.0161 s;396;354;0.0130 s;396;354;0.0115 s;396;354;0.0120 s;396;354;0.0120 s;0.0010 s;0.1717 s;0.0000 s;0.0000 s;0.0000 s
405;189;0.3472 s;405;189;0.0220 s;405;189;0.0080 s;406;189;0.0060 s;405;189;0.0060 s;406;189;0.0060 s;405;189;0.0068 s;0.0010 s;0.0912 s;0.3353 s;0.4401 s;0.1667 s
0;0;1.3620 s;0;0;0.0000 s;0;0;0.0000 s;0;0;0.0000 s;0;0;0.0000 s;0;0;0.0000 s;0;0;0.0000 s;2.4754 s;0.4014 s;1.5877 s;3.5088 s;0.8031 s
130;315;0.5424 s;130;315;0.0180 s;130;315;0.0060 s;130;315;0.0040 s;130;315;0.0050 s;130;315;0.0040 s;130;315;0.0040 s;0.0060 s;0.1530 s;0.6122 s;1.0414 s;0.3110 s
383;385;0.6954 s;383;385;0.0230 s;383;385;0.0180 s;383;385;0.0130 s;383;385;0.0127 s;383;385;0.0127 s;383;385;0.0136 s;0.0070 s;0.1867 s;0.0000 s;0.0000 s;0.0000 s
497;415;0.7636 s;497;415;0.0210 s;497;415;0.0120 s;497;415;0.0090 s;497;415;0.0080 s;497;415;0.0090 s;497;415;0.0080 s;0.0010 s;0.2060 s;0.1146 s;0.1963 s;0.0580 s
159;317;0.5443 s;159;317;0.0160 s;159;317;0.0060 s;159;317;0.0050 s;159;317;0.0050 s;159;317;0.0050 s;159;317;0.0050 s;0.0150 s;0.1540 s;0.4691 s;0.8022 s;0.2351 s
424;268;0.4911 s;424;268;0.0180 s;424;268;0.0110 s;424;268;0.0090 s;424;268;0.0080 s;424;268;0.0080 s;424;268;0.0090 s;0.0050 s;0.1295 s;0.0877 s;0.1898 s;0.0440 s
488;444;0.8084 s;488;444;0.0230 s;488;444;0.0100 s;488;444;0.0080 s;488;444;0.0080 s;488;444;0.0090 s;488;444;0.0080 s;0.0121 s;0.2198 s;0.0926 s;0.2666 s;0.0470 s
0;0;1.3588 s;0;0;0.0000 s;0;0;0.0000 s;0;0;0.0000 s;0;0;0.0000 s;0;0;0.0000 s;0;0;0.0000 s;2.4161 s;0.3976 s;1.5693 s;3.5272 s;0.7951 s
556;208;0.3905 s;556;208;0.0200 s;556;208;0.0060 s;556;208;0.0040 s;556;208;0.0050 s;556;208;0.0040 s;556;208;0.0040 s;0.0080 s;0.1000 s;0.3081 s;1.3400 s;0.1585 s
352;402;0.7176 s;352;402;0.0220 s;352;402;0.0160 s;352;402;0.0124 s;352;402;0.0113 s;352;402;0.0120 s;352;402;0.0120 s;0.0050 s;0.1959 s;0.0010 s;0.0020 s;0.0000 s
363;303;0.5430 s;363;303;0.0160 s;363;303;0.0140 s;363;303;0.0110 s;363;303;0.0100 s;363;303;0.0100 s;363;303;0.0096 s;0.0080 s;0.1445 s;0.0290 s;0.0345 s;0.0150 s
287;367;0.6487 s;287;367;0.0140 s;287;367;0.0130 s;287;367;0.0100 s;287;367;0.0100 s;287;367;0.0100 s;287;367;0.0100 s;0.0010 s;0.1770 s;0.0530 s;0.0560 s;0.0270 s
403;326;0.5881 s;403;326;0.0115 s;403;326;0.0150 s;403;327;0.0116 s;403;326;0.0110 s;403;326;0.0120 s;403;326;0.0117 s;0.0064 s;0.1572 s;0.0070 s;0.0190 s;0.0030 s
299;440;0.7957 s;299;440;0.0260 s;299;440;0.0130 s;299;440;0.0090 s;298;440;0.0090 s;298;440;0.0100 s;298;440;0.0090 s;0.0120 s;0.2170 s;0.0380 s;0.1458 s;0.0190 s
408;484;0.8698 s;408;484;0.0260 s;408;484;0.0110 s;408;484;0.0090 s;408;484;0.0090 s;408;484;0.0090 s;408;484;0.0090 s;0.0030 s;0.2426 s;0.0815 s;0.1360 s;0.0420 s
291;435;0.7850 s;291;435;0.0185 s;291;435;0.0118 s;291;436;0.0100 s;291;435;0.0090 s;291;436;0.0090 s;291;435;0.0090 s;0.0070 s;0.2147 s;0.0450 s;0.1530 s;0.0230 s
605;551;1.0084 s;605;551;0.0170 s;605;551;0.0040 s;605;551;0.0030 s;605;551;0.0040 s;605;551;0.0030 s;605;551;0.0030 s;0.0340 s;0.2805 s;0.5177 s;1.8564 s;0.2612 s
690;404;0.7553 s;690;404;0.0200 s;690;404;0.0030 s;690;404;0.0020 s;690;404;0.0030 s;690;404;0.0020 s;690;404;0.0030 s;0.0210 s;0.2015 s;1.0523 s;1.3285 s;0.5291 s
401;410;0.7487 s;401;410;0.0200 s;401;410;0.0160 s;401;410;0.0110 s;401;410;0.0120 s;401;410;0.0120 s;401;410;0.0110 s;0.0010 s;0.2026 s;0.0020 s;0.0050 s;0.0000 s
403;498;0.8989 s;403;498;0.0136 s;403;498;0.0110 s;403;498;0.0090 s;403;498;0.0080 s;403;498;0.0090 s;403;498;0.0086 s;0.0140 s;0.2500 s;0.1120 s;0.1622 s;0.0580 s
338;326;0.5897 s;338;326;0.0210 s;338;326;0.0135 s;338;326;0.0110 s;338;326;0.0110 s;338;326;0.0110 s;338;326;0.0110 s;0.0080 s;0.1585 s;0.0100 s;0.0360 s;0.0050 s
297;620;1.1180 s;297;620;0.0260 s;297;620;0.0050 s;297;620;0.0040 s;297;620;0.0040 s;297;620;0.0040 s;297;620;0.0040 s;0.0010 s;0.3226 s;0.5993 s;1.1470 s;0.3030 s
503;28;0.0540 s;503;28;0.0090 s;503;28;0.0010 s;503;28;0.0010 s;503;28;0.0010 s;503;28;0.0010 s;503;28;0.0010 s;0.1550 s;0.0120 s;1.3552 s;2.5498 s;0.6788 s
484;678;1.2454 s;484;678;0.0180 s;484;678;0.0030 s;484;678;0.0020 s;484;678;0.0020 s;484;678;0.0030 s;484;678;0.0020 s;0.0040 s;0.3481 s;0.9512 s;1.9147 s;0.4795 s
376;337;0.6112 s;376;337;0.0180 s;376;337;0.0160 s;376;337;0.0120 s;376;337;0.0120 s;376;337;0.0120 s;376;337;0.0110 s;0.0070 s;0.1670 s;0.0020 s;0.0020 s;0.0010 s
260;293;0.5152 s;260;293;0.0261 s;260;294;0.0110 s;260;294;0.0080 s;260;294;0.0080 s;260;293;0.0080 s;260;293;0.0080 s;0.0070 s;0.1400 s;0.1060 s;0.3572 s;0.0536 s
344;384;0.6861 s;344;384;0.0181 s;344;384;0.0159 s;344;384;0.0120 s;343;384;0.0120 s;343;384;0.0120 s;343;384;0.0120 s;0.0010 s;0.1850 s;0.0000 s;0.0010 s;0.0000 s
658;319;0.6000 s;658;319;0.0220 s;658;319;0.0040 s;658;319;0.0030 s;658;319;0.0040 s;658;319;0.0030 s;658;319;0.0030 s;0.0100 s;0.1580 s;0.8258 s;1.3307 s;0.4310 s
365;368;0.6900 s;365;368;0.0210 s;365;368;0.0160 s;365;368;0.0130 s;365;368;0.0125 s;365;368;0.0130 s;365;368;0.0130 s;0.0060 s;0.1852 s;0.0000 s;0.0000 s;0.0000 s
300;532;0.9698 s;300;532;0.0210 s;300;532;0.0100 s;300;532;0.0070 s;300;532;0.0070 s;300;532;0.0080 s;300;532;0.0080 s;0.0190 s;0.2780 s;0.2130 s;0.5374 s;0.1050 s
256;446;0.8010 s;256;446;0.0280 s;256;446;0.0100 s;256;446;0.0090 s;256;446;0.0080 s;256;446;0.0080 s;256;446;0.0080 s;0.0170 s;0.2272 s;0.1155 s;0.3311 s;0.0570 s
327;272;0.5019 s;327;272;0.0225 s;327;272;0.0120 s;327;272;0.0140 s;327;272;0.0120 s;327;272;0.0110 s;327;272;0.0100 s;0.0040 s;0.1575 s;0.0900 s;0.2280 s;0.0520 s
597;633;1.2861 s;597;633;0.0210 s;597;633;0.0020 s;597;633;0.0020 s;597;633;0.0020 s;597;633;0.0010 s;597;633;0.0020 s;0.0802 s;0.3371 s;0.7220 s;2.8986 s;0.3520 s
372;382;0.7021 s;372;382;0.0130 s;372;382;0.0170 s;372;382;0.0130 s;372;382;0.0130 s;372;382;0.0131 s;372;382;0.0130 s;0.0000 s;0.1900 s;0.0000 s;0.0000 s;0.0000 s
411;380;0.7029 s;411;380;0.0257 s;411;380;0.0160 s;411;380;0.0130 s;411;380;0.0120 s;411;380;0.0120 s;411;380;0.0120 s;0.0146 s;0.1858 s;0.0000 s;0.0010 s;0.0000 s
432;404;0.7540 s;432;404;0.0240 s;432;404;0.0150 s;432;404;0.0110 s;432;404;0.0110 s;432;404;0.0120 s;432;404;0.0130 s;0.0010 s;0.2028 s;0.0110 s;0.0270 s;0.0070 s
86;540;0.9901 s;86;540;0.0160 s;86;540;0.0030 s;86;540;0.0020 s;86;540;0.0020 s;86;540;0.0020 s;86;540;0.0020 s;0.0320 s;0.2852 s;0.9234 s;2.5189 s;0.4484 s
0;0;1.3896 s;0;0;0.0000 s;0;0;0.0000 s;0;0;0.0000 s;0;0;0.0000 s;0;0;0.0000 s;0;0;0.0000 s;2.5731 s;0.4140 s;1.6360 s;3.5604 s;0.7957 s
462;366;0.6687 s;462;366;0.0165 s;462;366;0.0130 s;462;366;0.0100 s;462;366;0.0100 s;462;366;0.0100 s;462;366;0.0100 s;0.0060 s;0.1770 s;0.0440 s;0.0480 s;0.0220 s
353;341;0.6113 s;353;341;0.0230 s;353;341;0.0155 s;353;341;0.0120 s;353;341;0.0110 s;353;341;0.0110 s;353;341;0.0110 s;0.0010 s;0.1650 s;0.0020 s;0.0063 s;0.0010 s
474;342;0.6272 s;474;342;0.0260 s;474;342;0.0120 s;474;342;0.0090 s;474;342;0.0090 s;474;342;0.0090 s;474;342;0.0090 s;0.0080 s;0.1650 s;0.0640 s;0.1200 s;0.0330 s
233;344;0.6060 s;233;344;0.0210 s;233;344;0.0100 s;233;344;0.0080 s;233;344;0.0080 s;233;344;0.0070 s;233;344;0.0080 s;0.0020 s;0.1660 s;0.1756 s;0.2605 s;0.0883 s
439;471;0.8580 s;439;471;0.0150 s;439;471;0.0120 s;439;471;0.0090 s;439;471;0.0090 s;439;471;0.0085 s;439;471;0.0090 s;0.0070 s;0.2361 s;0.0590 s;0.1937 s;0.0310 s
0;0;1.3481 s;0;0;0.0000 s;0;0;0.0000 s;0;0;0.0000 s;0;0;0.0000 s;0;0;0.0000 s;0;0;0.0000 s;2.4369 s;0.3998 s;1.5717 s;3.4867 s;0.7926 s
241;615;1.0924 s;241;615;0.0240 s;241;615;0.0050 s;241;615;0.0040 s;241;615;0.0030 s;241;615;0.0040 s;241;615;0.0031 s;0.0380 s;0.3148 s;0.5817 s;1.5962 s;0.2876 s
534;391;0.7227 s;534;391;0.0140 s;534;391;0.0090 s;534;391;0.0080 s;534;391;0.0070 s;534;391;0.0080 s;534;391;0.0070 s;0.0220 s;0.1920 s;0.2180 s;0.2492 s;0.1100 s
371;392;0.7037 s;371;392;0.0260 s;371;392;0.0160 s;371;392;0.0132 s;371;392;0.0120 s;371;392;0.0130 s;371;392;0.0115 s;0.0000 s;0.1912 s;0.0000 s;0.0000 s;0.0000 s
381;178;0.3190 s;381;178;0.0220 s;381;178;0.0080 s;381;178;0.0060 s;381;178;0.0060 s;381;178;0.0060 s;381;178;0.0060 s;0.0200 s;0.0850 s;0.3786 s;0.4061 s;0.1897 s
459;523;0.9434 s;459;523;0.0176 s;459;523;0.0090 s;459;523;0.0070 s;459;523;0.0070 s;459;523;0.0080 s;459;523;0.0070 s;0.0020 s;0.2658 s;0.1830 s;0.4978 s;0.0920 s
488;212;0.3910 s;488;212;0.0250 s;488;213;0.0080 s;488;213;0.0060 s;488;212;0.0060 s;488;212;0.0070 s;488;212;0.0060 s;0.0050 s;0.1020 s;0.2420 s;0.7941 s;0.1230 s
240;410;0.7200 s;240;410;0.0130 s;240;410;0.0100 s;240;410;0.0080 s;240;410;0.0070 s;240;410;0.0080 s;240;410;0.0080 s;0.0040 s;0.2013 s;0.1534 s;0.2380 s;0.0775 s
534;751;1.3408 s;535;750;0.0180 s;534;751;0.0010 s;534;751;0.0010 s;534;751;0.0000 s;534;751;0.0000 s;534;751;0.0000 s;0.2434 s;0.3911 s;1.5564 s;2.8926 s;0.7929 s
331;250;0.4431 s;331;250;0.0250 s;331;250;0.0110 s;331;250;0.0080 s;331;250;0.0080 s;331;250;0.0080 s;331;250;0.0080 s;0.0080 s;0.1206 s;0.1287 s;0.2495 s;0.0640 s
388;453;0.8175 s;388;453;0.0230 s;388;453;0.0140 s;388;453;0.0110 s;388;453;0.0110 s;388;453;0.0100 s;388;453;0.0100 s;0.0010 s;0.2244 s;0.0320 s;0.0370 s;0.0170 s
588;621;1.1356 s;588;621;0.0210 s;588;621;0.0020 s;588;621;0.0020 s;588;621;0.0020 s;588;621;0.0020 s;588;621;0.0020 s;0.0620 s;0.3200 s;0.6010 s;2.3686 s;0.3130 s
267;297;0.5213 s;267;297;0.0146 s;267;297;0.0110 s;267;297;0.0090 s;267;297;0.0090 s;267;297;0.0080 s;267;297;0.0090 s;0.0100 s;0.1420 s;0.0890 s;0.3091 s;0.0448 s
476;236;0.4329 s;476;236;0.0170 s;476;236;0.0092 s;476;236;0.0060 s;476;236;0.0060 s;476;236;0.0070 s;476;236;0.0070 s;0.0150 s;0.1140 s;0.1658 s;0.5609 s;0.0830 s
392;446;0.8010 s;392;446;0.0180 s;392;446;0.0130 s;392;446;0.0110 s;392;446;0.0110 s;392;446;0.0100 s;392;446;0.0105 s;0.0060 s;0.2210 s;0.0220 s;0.0295 s;0.0120 s
308;18;0.0320 s;308;18;0.0060 s;308;18;0.0010 s;308;18;0.0010 s;308;18;0.0020 s;308;18;0.0010 s;308;18;0.0015 s;0.0300 s;0.0070 s;1.4025 s;2.1248 s;0.7005 s
648;88;0.1687 s;648;88;0.0190 s;648;88;0.0010 s;648;88;0.0000 s;0;0;0.0000 s;648;88;0.0010 s;648;88;0.0000 s;0.0616 s;0.0430 s;0.8817 s;3.0412 s;0.4458 s
0;0;1.3443 s;0;0;0.0000 s;0;0;0.0000 s;0;0;0.0000 s;0;0;0.0000 s;0;0;0.0000 s;0;0;0.0000 s;2.4446 s;0.3990 s;1.5814 s;3.5119 s;0.7998 s
362;443;0.7974 s;362;443;0.0300 s;362;443;0.0150 s;362;443;0.0110 s;362;443;0.0110 s;362;443;0.0110 s;362;443;0.0100 s;0.0010 s;0.2215 s;0.0200 s;0.0275 s;0.0110 s
304;388;0.6884 s;304;388;0.0146 s;304;388;0.0130 s;304;388;0.0100 s;304;388;0.0110 s;304;388;0.0110 s;304;388;0.0110 s;0.0030 s;0.1881 s;0.0280 s;0.0300 s;0.0130 s
